#
# A fatal error has been detected by the Java Runtime Environment:
#
#  SIGSEGV (0xb) at pc=0x000071955f19cfb1, pid=17252, tid=17253
#
# JRE version: OpenJDK Runtime Environment Temurin-25.0.3+9 (25.0.3+9) (build 25.0.3+9-LTS)
# Java VM: OpenJDK 64-Bit Server VM Temurin-25.0.3+9 (25.0.3+9-LTS, mixed mode, tiered, compressed oops, compressed class ptrs, g1 gc, linux-amd64)
# Problematic frame:
# C  [libgobject-2.0.so.0+0x3afb1]  g_type_parent+0x11
#
# Core dump will be written. Default location: Determined by the following: "/usr/share/apport/apport -p%p -s%s -c%c -d%d -P%P -u%u -g%g -F%F -- %E" (alternatively, falling back to /home/mcypher/hw_susu/sql_labs/core.17252)
#
# If you would like to submit a bug report, please visit:
#   https://github.com/adoptium/adoptium-support/issues
# The crash happened outside the Java Virtual Machine in native code.
# See problematic frame for where to report the bug.
#

---------------  S U M M A R Y ------------

Command Line: -XX:+IgnoreUnrecognizedVMOptions -Dosgi.requiredJavaVersion=21 -Dfile.encoding=UTF-8 --sun-misc-unsafe-memory-access=allow --enable-native-access=ALL-UNNAMED --add-modules=ALL-DEFAULT --add-opens=java.base/java.io=ALL-UNNAMED --add-opens=java.base/java.lang=ALL-UNNAMED --add-opens=java.base/java.lang.reflect=ALL-UNNAMED --add-opens=java.base/java.net=ALL-UNNAMED --add-opens=java.base/java.nio=ALL-UNNAMED --add-opens=java.base/java.nio.charset=ALL-UNNAMED --add-opens=java.base/java.text=ALL-UNNAMED --add-opens=java.base/java.time=ALL-UNNAMED --add-opens=java.base/java.util=ALL-UNNAMED --add-opens=java.base/java.util.concurrent=ALL-UNNAMED --add-opens=java.base/java.util.concurrent.atomic=ALL-UNNAMED --add-opens=java.base/jdk.internal.vm=ALL-UNNAMED --add-opens=java.base/jdk.internal.misc=ALL-UNNAMED --add-opens=java.base/sun.nio.ch=ALL-UNNAMED --add-opens=java.base/sun.nio.fs=ALL-UNNAMED --add-opens=java.base/sun.security.ssl=ALL-UNNAMED --add-opens=java.base/sun.security.util=ALL-UNNAMED --add-opens=java.security.jgss/sun.security.jgss=ALL-UNNAMED --add-opens=java.security.jgss/sun.security.krb5=ALL-UNNAMED --add-opens=java.desktop/java.awt=ALL-UNNAMED --add-opens=java.desktop/java.awt.peer=ALL-UNNAMED --add-opens=java.sql/java.sql=ALL-UNNAMED -Xms64m -Xmx1024m -Ddbeaver.distribution.type=deb -Duser.home=/home/mcypher/snap/dbeaver-ce/549 /snap/dbeaver-ce/549/usr/share/dbeaver-ce//plugins/org.jkiss.dbeaver.launcher_1.0.60.202608301738.jar -os linux -ws gtk -arch x86_64 -showsplash -launcher /snap/dbeaver-ce/549/usr/share/dbeaver-ce/dbeaver -name Dbeaver --launcher.library /snap/dbeaver-ce/549/usr/share/dbeaver-ce//plugins/org.eclipse.equinox.launcher.gtk.linux.x86_64_1.2.1500.v20250801-0854/eclipse_11916.so -startup /snap/dbeaver-ce/549/usr/share/dbeaver-ce//plugins/org.jkiss.dbeaver.launcher_1.0.60.202608301738.jar --launcher.overrideVmargs -exitdata 23 -vm /snap/dbeaver-ce/549/usr/share/dbeaver-ce/jre/bin/java -vmargs -XX:+IgnoreUnrecognizedVMOptions -Dosgi.requiredJavaVersion=21 -Dfile.encoding=UTF-8 --sun-misc-unsafe-memory-access=allow --enable-native-access=ALL-UNNAMED --add-modules=ALL-DEFAULT --add-opens=java.base/java.io=ALL-UNNAMED --add-opens=java.base/java.lang=ALL-UNNAMED --add-opens=java.base/java.lang.reflect=ALL-UNNAMED --add-opens=java.base/java.net=ALL-UNNAMED --add-opens=java.base/java.nio=ALL-UNNAMED --add-opens=java.base/java.nio.charset=ALL-UNNAMED --add-opens=java.base/java.text=ALL-UNNAMED --add-opens=java.base/java.time=ALL-UNNAMED --add-opens=java.base/java.util=ALL-UNNAMED --add-opens=java.base/java.util.concurrent=ALL-UNNAMED --add-opens=java.base/java.util.concurrent.atomic=ALL-UNNAMED --add-opens=java.base/jdk.internal.vm=ALL-UNNAMED --add-opens=java.base/jdk.internal.misc=ALL-UNNAMED --add-opens=java.base/sun.nio.ch=ALL-UNNAMED --add-opens=java.base/sun.nio.fs=ALL-UNNAMED --add-opens=java.base/sun.security.ssl=ALL-UNNAMED --add-opens=java.base/sun.security.util=ALL-UNNAMED --add-opens=java.security.jgss/sun.security.jgss=ALL-UNNAMED --add-opens=java.security.jgss/sun.security.krb5=ALL-UNNAMED --add-opens=java.desktop/java.awt=ALL-UNNAMED --add-opens=java.desktop/java.awt.peer=ALL-UNNAMED --add-opens=java.sql/java.sql=ALL-UNNAMED -Xms64m -Xmx1024m -Ddbeaver.distribution.type=deb -jar /snap/dbeaver-ce/549/usr/share/dbeaver-ce//plugins/org.jkiss.dbeaver.launcher_1.0.60.202608301738.jar

Host: Intel(R) Xeon(R) CPU E5-2680 v3 @ 2.50GHz, 24 cores, 31G, Ubuntu 24.04.4 LTS
Time: Sun Sep 13 11:13:25 2026 +05 elapsed time: 10.482089 seconds (0d 0h 0m 10s)

---------------  T H R E A D  ---------------

Current thread (0x000071958402ee60):  JavaThread "main"             [_thread_in_native, id=17253, stack(0x0000719588805000,0x0000719588905000) (1024K)]

Stack: [0x0000719588805000,0x0000719588905000],  sp=0x0000719588901b28,  free space=1010k
Native frames: (J=compiled Java code, j=interpreted, Vv=VM code, C=native code)
C  [libgobject-2.0.so.0+0x3afb1]  g_type_parent+0x11
C  [libgobject-2.0.so.0+0x30a41]  g_signal_connect_data+0x211
C  [libswt-pi3-gtk-4973r12.so+0x4d5f2]  Java_org_eclipse_swt_internal_gtk_OS_g_1signal_1connect+0x58
Java frames: (J=compiled Java code, j=interpreted, Vv=VM code)
j  org.eclipse.swt.internal.gtk.OS.g_signal_connect(J[BJJ)I+0
j  org.eclipse.swt.widgets.Shell.hookEvents()V+21
j  org.eclipse.swt.widgets.Widget.createWidget(I)V+11
j  org.eclipse.swt.widgets.Control.createWidget(I)V+22
j  org.eclipse.swt.widgets.Scrollable.createWidget(I)V+2
j  org.eclipse.swt.widgets.Decorations.createWidget(I)V+2
j  org.eclipse.swt.widgets.Shell.<init>(Lorg/eclipse/swt/widgets/Display;Lorg/eclipse/swt/widgets/Shell;IJZ)V+167
j  org.eclipse.swt.widgets.Shell.internal_new(Lorg/eclipse/swt/widgets/Display;J)Lorg/eclipse/swt/widgets/Shell;+10
j  org.eclipse.ui.internal.WorkbenchPlugin.getSplashShell(Lorg/eclipse/swt/widgets/Display;)Lorg/eclipse/swt/widgets/Shell;+64
j  org.jkiss.dbeaver.ui.app.standalone.ApplicationWorkbenchWindowAdvisor.runWithSplashHidden(Ljava/lang/Runnable;)V+3
j  org.jkiss.dbeaver.ui.app.standalone.ApplicationWorkbenchWindowAdvisor.showProductConfigDialog()V+22
j  org.jkiss.dbeaver.ui.app.standalone.ApplicationWorkbenchWindowAdvisor.preWindowOpen()V+9
j  org.eclipse.ui.internal.WorkbenchWindow.fireWindowOpening()V+4
j  org.eclipse.ui.internal.WorkbenchWindow.setup()V+419
j  java.lang.invoke.LambdaForm$DMH+0x000000004e086400.invokeVirtual(Ljava/lang/Object;Ljava/lang/Object;)V+10 java.base@25.0.3
j  java.lang.invoke.LambdaForm$MH+0x000000004e395c00.invoke(Ljava/lang/Object;Ljava/lang/Object;)Ljava/lang/Object;+31 java.base@25.0.3
J 1172 c1 jdk.internal.reflect.DirectMethodHandleAccessor.invoke(Ljava/lang/Object;[Ljava/lang/Object;)Ljava/lang/Object; java.base@25.0.3 (92 bytes) @ 0x0000719571021af4 [0x0000719571020900+0x00000000000011f4]
J 1171 c1 java.lang.reflect.Method.invoke(Ljava/lang/Object;[Ljava/lang/Object;)Ljava/lang/Object; java.base@25.0.3 (108 bytes) @ 0x000071957101b6a4 [0x000071957101b100+0x00000000000005a4]
j  org.eclipse.e4.core.internal.di.MethodRequestor.execute()Ljava/lang/Object;+77
j  org.eclipse.e4.core.internal.di.InjectorImpl.processAnnotated(Lorg/eclipse/e4/core/internal/di/AnnotationLookup$AnnotationProxy;Ljava/lang/Object;Ljava/lang/Class;Lorg/eclipse/e4/core/di/suppliers/PrimaryObjectSupplier;Lorg/eclipse/e4/core/di/suppliers/PrimaryObjectSupplier;Ljava/util/List;)V+190
j  org.eclipse.e4.core.internal.di.InjectorImpl.internalInject(Ljava/lang/Object;Lorg/eclipse/e4/core/di/suppliers/PrimaryObjectSupplier;Lorg/eclipse/e4/core/di/suppliers/PrimaryObjectSupplier;)V+175
j  org.eclipse.e4.core.internal.di.InjectorImpl.inject(Ljava/lang/Object;Lorg/eclipse/e4/core/di/suppliers/PrimaryObjectSupplier;)V+4
j  org.eclipse.e4.core.contexts.ContextInjectionFactory.inject(Ljava/lang/Object;Lorg/eclipse/e4/core/contexts/IEclipseContext;)V+13
j  org.eclipse.ui.internal.Workbench.createWorkbenchWindow(Lorg/eclipse/core/runtime/IAdaptable;Lorg/eclipse/ui/IPerspectiveDescriptor;Lorg/eclipse/e4/ui/model/application/ui/basic/MWindow;Z)Lorg/eclipse/ui/IWorkbenchWindow;+180
j  org.eclipse.ui.internal.Workbench.getActiveWorkbenchWindow()Lorg/eclipse/ui/IWorkbenchWindow;+179
j  org.jkiss.dbeaver.ui.app.standalone.ApplicationWorkbenchAdvisor.resetPerspectiveIfNeeded()V+3
j  org.jkiss.dbeaver.ui.app.standalone.ApplicationWorkbenchAdvisor.postStartup()V+17
j  org.eclipse.ui.internal.Workbench.lambda$19()V+4
j  org.eclipse.ui.internal.Workbench$$Lambda+0x000000004e63ee80.run()V+4
j  org.eclipse.e4.ui.internal.workbench.swt.PartRenderingEngine$5.run()V+432
j  org.eclipse.core.databinding.observable.Realm.runWithDefault(Lorg/eclipse/core/databinding/observable/Realm;Ljava/lang/Runnable;)V+12
j  org.eclipse.e4.ui.internal.workbench.swt.PartRenderingEngine.run(Lorg/eclipse/e4/ui/model/application/MApplicationElement;Lorg/eclipse/e4/core/contexts/IEclipseContext;)Ljava/lang/Object;+57
j  org.eclipse.e4.ui.internal.workbench.E4Workbench.createAndRunUI(Lorg/eclipse/e4/ui/model/application/MApplicationElement;)V+20
j  org.eclipse.ui.internal.Workbench.lambda$3(Lorg/eclipse/swt/widgets/Display;Lorg/eclipse/ui/application/WorkbenchAdvisor;[I)V+352
j  org.eclipse.ui.internal.Workbench$$Lambda+0x000000004e2d7968.run()V+12
j  org.eclipse.core.databinding.observable.Realm.runWithDefault(Lorg/eclipse/core/databinding/observable/Realm;Ljava/lang/Runnable;)V+12
j  org.eclipse.ui.internal.Workbench.createAndRunWorkbench(Lorg/eclipse/swt/widgets/Display;Lorg/eclipse/ui/application/WorkbenchAdvisor;)I+16
j  org.eclipse.ui.PlatformUI.createAndRunWorkbench(Lorg/eclipse/swt/widgets/Display;Lorg/eclipse/ui/application/WorkbenchAdvisor;)I+2
j  org.jkiss.dbeaver.ui.app.standalone.DBeaverApplication.start(Lorg/eclipse/equinox/app/IApplicationContext;)Ljava/lang/Object;+772
j  org.eclipse.equinox.internal.app.EclipseAppHandle.run(Ljava/lang/Object;)Ljava/lang/Object;+138
j  org.eclipse.core.runtime.internal.adaptor.EclipseAppLauncher.runApplication(Ljava/lang/Object;)Ljava/lang/Object;+85
j  org.eclipse.core.runtime.internal.adaptor.EclipseAppLauncher.start(Ljava/lang/Object;)Ljava/lang/Object;+79
j  org.eclipse.core.runtime.adaptor.EclipseStarter.run(Ljava/lang/Object;)Ljava/lang/Object;+99
j  org.eclipse.core.runtime.adaptor.EclipseStarter.run([Ljava/lang/String;Ljava/lang/Runnable;)Ljava/lang/Object;+132
J 489 c1 java.lang.invoke.DirectMethodHandle$Holder.invokeStatic(Ljava/lang/Object;Ljava/lang/Object;Ljava/lang/Object;)Ljava/lang/Object; java.base@25.0.3 (15 bytes) @ 0x0000719570f32d6c [0x0000719570f32a00+0x000000000000036c]
j  java.lang.invoke.LambdaForm$MH+0x000000004e146800.invoke(Ljava/lang/Object;Ljava/lang/Object;Ljava/lang/Object;Ljava/lang/Object;)Ljava/lang/Object;+54 java.base@25.0.3
j  java.lang.invoke.LambdaForm$MH+0x000000004e146c00.invokeExact_MT(Ljava/lang/Object;Ljava/lang/Object;Ljava/lang/Object;Ljava/lang/Object;Ljava/lang/Object;)Ljava/lang/Object;+22 java.base@25.0.3
j  jdk.internal.reflect.DirectMethodHandleAccessor.invokeImpl(Ljava/lang/Object;[Ljava/lang/Object;)Ljava/lang/Object;+72 java.base@25.0.3
j  jdk.internal.reflect.DirectMethodHandleAccessor.invoke(Ljava/lang/Object;[Ljava/lang/Object;)Ljava/lang/Object;+23 java.base@25.0.3
j  java.lang.reflect.Method.invoke(Ljava/lang/Object;[Ljava/lang/Object;)Ljava/lang/Object;+102 java.base@25.0.3
j  org.jkiss.dbeaver.launcher.DBeaverLauncher.invokeFramework([Ljava/lang/String;[Ljava/net/URL;)V+205
j  org.jkiss.dbeaver.launcher.DBeaverLauncher.basicRun([Ljava/lang/String;)V+481
j  org.jkiss.dbeaver.launcher.DBeaverLauncher.run([Ljava/lang/String;)I+57
j  org.jkiss.dbeaver.launcher.DBeaverLauncher.main([Ljava/lang/String;)V+10
v  ~StubRoutines::call_stub 0x00007195782f8fa6

siginfo: si_signo: 11 (SIGSEGV), si_code: 128 (SI_KERNEL), si_addr: 0x0000000000000000

Registers:
RAX=0x0000000000000001, RBX=0x0000719584cda960, RCX=0x0000000000000000, RDX=0x00007195850e9a80
RSP=0x0000719588901b28, RBP=0x0000719588901ba0, RSI=0x0000719584cdbca8, RDI=0x657250646574726c
R8 =0x0000000000000134, R9 =0x657250646574726f, R10=0x0000000000000135, R11=0x0000000000000135
R12=0x0000719588901b50, R13=0x0000000000000135, R14=0x00007194d40dcb30, R15=0x0000719588901be0
RIP=0x000071955f19cfb1, EFLAGS=0x0000000000010206, CSGSFS=0x002b000000000033, ERR=0x0000000000000000
  TRAPNO=0x000000000000000d

XMM[0]=0x454a424f5f53495f 0x4700796669746f6e
XMM[1]=0x0000000000000000 0x0000ffffffffffff
XMM[2]=0x0000000000000000 0x00ff000000000000
XMM[3]=0x0000000000000000 0xffff000000000000
XMM[4]=0x0000000000000000 0x0000719584000090
XMM[5]=0x000071955f17e7b0 0x000071955f17d1d0
XMM[6]=0x00007195843a7270 0x0000000000000000
XMM[7]=0x000071958533afa0 0x0000719500000052
XMM[8]=0x000071958533bab0 0x0000719500000076
XMM[9]=0x262825ab262825ab 0x262825ab33196936
XMM[10]=0x0000000000000000 0x000000000cf1438b
XMM[11]=0xf73533c5f73533c5 0xf73533c52a4e9cfb
XMM[12]=0x0000000000000000 0x0000000033196936
XMM[13]=0x0000000000000000 0x0405060700010203
XMM[14]=0x0000000000000000 0xa8c24779fb3e2a5a
XMM[15]=0x0000000000000000 0x0000000000000000
  MXCSR=0x00001fa7


Register to memory mapping:

RAX=0x0000000000000001 is an unknown value
RBX=0x0000719584cda960 points into unknown readable memory: 0x0000000000000135 | 35 01 00 00 00 00 00 00
RCX=0x0 is null
RDX=0x00007195850e9a80 points into unknown readable memory: 0x0000000000000001 | 01 00 00 00 00 00 00 00
RSP=0x0000719588901b28 is pointing into the stack for thread: 0x000071958402ee60
RBP=0x0000719588901ba0 is pointing into the stack for thread: 0x000071958402ee60
RSI=0x0000719584cdbca8 points into unknown readable memory: 0x00007195850e9a80 | 80 9a 0e 85 95 71 00 00
RDI=0x657250646574726c is an unknown value
R8 =0x0000000000000134 is an unknown value
R9 =0x657250646574726f is an unknown value
R10=0x0000000000000135 is an unknown value
R11=0x0000000000000135 is an unknown value
R12=0x0000719588901b50 is pointing into the stack for thread: 0x000071958402ee60
R13=0x0000000000000135 is an unknown value
R14=0x00007194d40dcb30 points into unknown readable memory: 0x000071951c14c5b0 | b0 c5 14 1c 95 71 00 00
R15=0x0000719588901be0 is pointing into the stack for thread: 0x000071958402ee60

Top of Stack: (sp=0x0000719588901b28)
0x0000719588901b28:   000071955f190878 000071958533ce60   x.._.q..`.3..q..
0x0000719588901b38:   0000719584cff1d0 0000000000000651   .....q..Q.......
0x0000719588901b48:   0000000000000015 657250646574726f   ........ortedPre
0x0000719588901b58:   000071950000003a 0000719588901ba0   :....q.......q..
0x0000719588901b68:   6f5173ae07096400 0000719588901bb0   .d...sQo.....q..
0x0000719588901b78:   00007195844ea080 000071958533ce60   ..N..q..`.3..q..
0x0000719588901b88:   00007195180936ff 000071958533ce66   .6...q..f.3..q..
0x0000719588901b98:   00007194d40dcb30 0000719588901c40   0....q..@....q..
0x0000719588901ba8:   000071955f192a41 0000719588901bf0   A*._.q.......q..
0x0000719588901bb8:   00007195894cc1f1 0000000000000000   ..L..q..........
0x0000719588901bc8:   0000000000000068 0000000000000006   h...............
0x0000719588901bd8:   000000008533ce60 0000796669746f6e   `.3.....notify..
0x0000719588901be8:   000071958402ee60 00000000c3a07090   `....q...p......
0x0000719588901bf8:   0000000000000000 0000719588901c40   ........@....q..
0x0000719588901c08:   6f5173ae07096400 0000719588901cb8   .d...sQo.....q..
0x0000719588901c18:   000071958402f300 000071958533ce60   .....q..`.3..q..
0x0000719588901c28:   00007195844ea080 00007195180936ff   ..N..q...6...q..
0x0000719588901c38:   0000000000000068 0000719588901d50   h.......P....q..
0x0000719588901c48:   00007194bd6c75f2 0000719588901d50   .ul..q..P....q..
0x0000719588901c58:   000071954d8029a8 0000719588901d10   .).M.q.......q..
0x0000719588901c68:   0000000000000000 000071954d8029a8   .........).M.q..
0x0000719588901c78:   0000719588901d60 000071958402ee60   `....q..`....q..
0x0000719588901c88:   0000719578304f05 0000000000000000   .O0x.q..........
0x0000719588901c98:   00000000c3a05bd0 000071954d802a48   .[......H*.M.q..
0x0000719588901ca8:   0000000000000000 0000719588901cd8   .............q..
0x0000719588901cb8:   0000719588901d50 000071957830056e   P....q..n.0x.q..
0x0000719588901cc8:   fffffffffffffff7 0000000000000000   ................
0x0000719588901cd8:   000000000000000a 000071954d811038   ........8..M.q..
0x0000719588901ce8:   0000000000000000 00000000c3a05bd0   .........[......
0x0000719588901cf8:   000071954d8029a8 0000000000000000   .).M.q..........
0x0000719588901d08:   0000719588901d30 0000719588901db0   0....q.......q..
0x0000719588901d18:   000071957830056e 00000000c3a05bd0   n.0x.q...[......

Instructions: (pc=0x000071955f19cfb1)
  0x000071955f19ceb1:   8d 35 c9 75 01 00 48 8d 15 cd e7 00 00 48 8d 3d
  0x000071955f19cec1:   50 b1 00 00 e8 86 4c fd ff 48 8b 3b e8 1e fb ff
  0x000071955f19ced1:   ff 5b 48 8d 3d 46 f3 00 00 41 5c 48 89 c6 5d 31
  0x000071955f19cee1:   c0 e9 c9 4d fd ff 66 0f 1f 84 00 00 00 00 00 e8
  0x000071955f19cef1:   8b 4d fd ff 49 89 04 24 31 c0 5b 41 5c 5d c3 f3
  0x000071955f19cf01:   0f 1e fa 48 81 ff fc 03 00 00 76 0b 48 83 e7 fc
  0x000071955f19cf11:   8b 47 28 c3 0f 1f 00 48 8d 05 21 72 02 00 48 c1
  0x000071955f19cf21:   ef 02 48 8b 3c f8 31 c0 48 85 ff 75 e3 c3 90 f3
  0x000071955f19cf31:   0f 1e fa 55 48 89 e5 41 54 53 48 85 ff 74 38 4c
  0x000071955f19cf41:   8d 25 d9 7c 02 00 48 89 fb 4c 89 e7 e8 5e 4c fd
  0x000071955f19cf51:   ff 48 8b 3d cf 7b 02 00 48 89 de e8 1f 4b fd ff
  0x000071955f19cf61:   4c 89 e7 48 89 c3 e8 44 4e fd ff 48 89 d8 5b 41
  0x000071955f19cf71:   5c 5d c3 0f 1f 40 00 31 db 48 8d 15 27 e6 00 00
  0x000071955f19cf81:   48 8d 35 58 7d 01 00 48 8d 3d 86 b0 00 00 e8 bc
  0x000071955f19cf91:   4b fd ff 48 89 d8 5b 41 5c 5d c3 0f 1f 40 00 f3
  0x000071955f19cfa1:   0f 1e fa 48 81 ff fc 03 00 00 76 13 48 83 e7 fc
=>0x000071955f19cfb1:   48 8b 47 50 c3 66 2e 0f 1f 84 00 00 00 00 00 48
  0x000071955f19cfc1:   8d 05 79 71 02 00 48 c1 ef 02 48 8b 3c f8 31 c0
  0x000071955f19cfd1:   48 85 ff 75 db c3 66 0f 1f 84 00 00 00 00 00 f3
  0x000071955f19cfe1:   0f 1e fa 55 48 89 e5 41 57 41 56 41 55 49 89 d5
  0x000071955f19cff1:   41 54 49 89 f4 53 48 89 fb 48 83 ec 08 48 81 ff
  0x000071955f19d001:   fc 03 00 00 76 49 48 89 f8 48 83 e0 fc f6 40 16
  0x000071955f19d011:   10 74 53 4c 89 e7 e8 84 ff ff ff 48 83 f8 08 74
  0x000071955f19d021:   4e 48 8d 15 ff 34 01 00 48 83 c4 08 48 8d 35 dc
  0x000071955f19d031:   7d 01 00 48 8d 3d da af 00 00 5b 41 5c 41 5d 41
  0x000071955f19d041:   5e 41 5f 5d e9 06 4b fd ff 66 0f 1f 44 00 00 48
  0x000071955f19d051:   89 fa 48 8d 05 e6 70 02 00 48 c1 ea 02 48 8b 04
  0x000071955f19d061:   d0 48 85 c0 75 a7 48 8d 15 8a 34 01 00 eb b9 4c
  0x000071955f19d071:   8d 35 69 7b 02 00 4c 8d 3d a2 7b 02 00 4c 89 f7
  0x000071955f19d081:   e8 6a 4c fd ff 4c 89 ff e8 f2 4f fd ff 4c 89 e6
  0x000071955f19d091:   48 89 df e8 37 29 ff ff 85 c0 74 3c 48 81 fb fc
  0x000071955f19d0a1:   03 00 00 76 5a 48 83 e3 fc 49 81 fc fc 03 00 00


Stack slot to memory mapping:

stack at sp + 0 slots: 0x000071955f190878: <offset 0x000000000002e878> in /lib/x86_64-linux-gnu/libgobject-2.0.so.0 at 0x000071955f162000
stack at sp + 1 slots: 0x000071958533ce60 points into unknown readable memory: 0x3a3a796669746f6e | 6e 6f 74 69 66 79 3a 3a
stack at sp + 2 slots: 0x0000719584cff1d0 points into unknown readable memory: 0x0000719584cd9560 | 60 95 cd 84 95 71 00 00
stack at sp + 3 slots: 0x0000000000000651 is an unknown value
stack at sp + 4 slots: 0x0000000000000015 is an unknown value
stack at sp + 5 slots: 0x657250646574726f is an unknown value
stack at sp + 6 slots: 0x000071950000003a points into unknown readable memory: 00 00 00 00 00 00
stack at sp + 7 slots: 0x0000719588901ba0 is pointing into the stack for thread: 0x000071958402ee60

Lock stack of current Java thread (top to bottom):


Compiled method (c1) 10487 1172   !   3       jdk.internal.reflect.DirectMethodHandleAccessor::invoke (92 bytes)
 total in heap  [0x0000719571020808,0x00007195710225e8] = 7648
 main code      [0x0000719571020900,0x0000719571022498] = 7064
 stub code      [0x0000719571022498,0x00007195710225d0] = 312
 oops           [0x00007195710225d0,0x00007195710225e8] = 24
 mutable data [0x00007195281718d0,0x0000719528171bd0] = 768
 relocation     [0x00007195281718d0,0x0000719528171b70] = 672
 metadata       [0x0000719528171b70,0x0000719528171bd0] = 96
 immutable data [0x00007195281709c0,0x00007195281718c0] = 3840
 dependencies   [0x00007195281709c0,0x00007195281709e0] = 32
 nul chk table  [0x00007195281709e0,0x0000719528170a78] = 152
 handler table  [0x0000719528170a78,0x0000719528171108] = 1680
 scopes pcs     [0x0000719528171108,0x0000719528171588] = 1152
 scopes data    [0x0000719528171588,0x00007195281718c0] = 824

[Constant Pool (empty)]

[MachCode]
[Instructions begin]
  0x0000719571020900: 6666 660f | 1f84 0000 | 0000 0066 | 6666 9066 | 6690 448b | 5608 443b 

  0x0000719571020918: ;   {runtime_call Shared Runtime ic_miss_blob}
  0x0000719571020918: 5008 0f85 | c05a 3207 
[Verified Entry Point]
  0x0000719571020920: 8984 2400 | c0fe ff55 | 4881 ec20 | 0100 0090 | 4181 7f20 | 0700 0000 

  0x0000719571020938: ;   {runtime_call Stub::method_entry_barrier}
  0x0000719571020938: 7405 e8e1 | d530 0748 | 89b4 24a8 | 0000 0048 | 8994 24b8 

  0x000071957102094c: ;   {metadata(method data for {method} {0x000071954c469e10} 'invoke' '(Ljava/lang/Object;[Ljava/lang/Object;)Ljava/lang/Object;' in 'jdk/internal/reflect/DirectMethodHandleAccessor')}
  0x000071957102094c: 0000 0048 | bf78 37d1 | 4c95 7100 | 008b 9f90 | 0000 0083 | c302 899f | 9000 0000 | 81e3 fe07 
  0x000071957102096c: 0000 85db | 0f84 0b17 | 0000 488b 

  0x0000719571020978: ;   {metadata(method data for {method} {0x000071954c469e10} 'invoke' '(Ljava/lang/Object;[Ljava/lang/Object;)Ljava/lang/Object;' in 'jdk/internal/reflect/DirectMethodHandleAccessor')}
  0x0000719571020978: fe48 bb78 | 37d1 4c95 | 7100 0048 | 8383 d800 

  0x0000719571020988: ;   {metadata(method data for {method} {0x000071954c46a320} 'isStatic' '()Z' in 'jdk/internal/reflect/DirectMethodHandleAccessor')}
  0x0000719571020988: 0000 0148 | bf70 3ad1 | 4c95 7100 | 008b 9f90 | 0000 0083 | c302 899f | 9000 0000 | 81e3 feff 
  0x00007195710209a8: 1f00 85db | 0f84 f016 | 0000 8b7e | 1081 e700 | 0200 0081 | ff00 0200 

  0x00007195710209c0: ;   {metadata(method data for {method} {0x000071954c46a320} 'isStatic' '()Z' in 'jdk/internal/reflect/DirectMethodHandleAccessor')}
  0x00007195710209c0: 0048 bf70 | 3ad1 4c95 | 7100 00bb | d800 0000 | 7505 bbe8 | 0000 0048 | 8b04 1f48 | 8d40 0148 
  0x00007195710209e0: 8904 1f0f | 851a 0000 

  0x00007195710209e8: ;   {metadata(method data for {method} {0x000071954c46a320} 'isStatic' '()Z' in 'jdk/internal/reflect/DirectMethodHandleAccessor')}
  0x00007195710209e8: 0048 bf70 | 3ad1 4c95 | 7100 00ff | 87f8 0000 | 00bf 0100 | 0000 e905 | 0000 00bf | 0000 0000 
  0x0000719571020a08: 83e7 0185 

  0x0000719571020a0c: ;   {metadata(method data for {method} {0x000071954c469e10} 'invoke' '(Ljava/lang/Object;[Ljava/lang/Object;)Ljava/lang/Object;' in 'jdk/internal/reflect/DirectMethodHandleAccessor')}
  0x0000719571020a0c: ff48 bf78 | 37d1 4c95 | 7100 00bb | 0801 0000 | 7505 bb18 | 0100 0048 | 8b04 1f48 | 8d40 0148 
  0x0000719571020a2c: 8904 1f48 | 898c 24b0 | 0000 000f | 8537 0000 | 0048 8bfe 

  0x0000719571020a40: ;   {metadata(method data for {method} {0x000071954c469e10} 'invoke' '(Ljava/lang/Object;[Ljava/lang/Object;)Ljava/lang/Object;' in 'jdk/internal/reflect/DirectMethodHandleAccessor')}
  0x0000719571020a40: 48bb 7837 | d14c 9571 | 0000 4883 | 8328 0100 | 0001 488b | fa48 8bd7 | 488b de48 

  0x0000719571020a5c: ;   {optimized virtual_call}
  0x0000719571020a5c: 8bf3 90e8 

  0x0000719571020a60: ; ImmutableOopMap {[168]=Oop [176]=Oop [184]=Oop }
                      ;*invokevirtual checkReceiver {reexecute=0 rethrow=0 return_oop=0}
                      ; - jdk.internal.reflect.DirectMethodHandleAccessor::invoke@9
  0x0000719571020a60: 3cbd ffff 

  0x0000719571020a64: ;   {post_call_nop}
  0x0000719571020a64: 0f1f 8400 | 5c02 0000 | 488b b424 | a800 0000 

  0x0000719571020a74: ;   {metadata(method data for {method} {0x000071954c469e10} 'invoke' '(Ljava/lang/Object;[Ljava/lang/Object;)Ljava/lang/Object;' in 'jdk/internal/reflect/DirectMethodHandleAccessor')}
  0x0000719571020a74: 8b56 0c48 | bf78 37d1 | 4c95 7100 | 0048 8387 | 5801 0000 | 0148 8bf2 | 488b 9424 | b000 0000 
  0x0000719571020a94: ;   {static_call}
  0x0000719571020a94: 6666 90e8 

  0x0000719571020a98: ; ImmutableOopMap {[168]=Oop [176]=Oop [184]=Oop }
                      ;*invokestatic checkArgumentCount {reexecute=0 rethrow=0 return_oop=0}
                      ; - jdk.internal.reflect.DirectMethodHandleAccessor::invoke@17
  0x0000719571020a98: 64b1 ffff 

  0x0000719571020a9c: ;   {post_call_nop}
  0x0000719571020a9c: 0f1f 8400 | 9402 0001 | 488b b424 | a800 0000 

  0x0000719571020aac: ;   {metadata(method data for {method} {0x000071954c469e10} 'invoke' '(Ljava/lang/Object;[Ljava/lang/Object;)Ljava/lang/Object;' in 'jdk/internal/reflect/DirectMethodHandleAccessor')}
  0x0000719571020aac: 488b d648 | b978 37d1 | 4c95 7100 | 0048 8381 | 6801 0000 

  0x0000719571020ac0: ;   {metadata(method data for {method} {0x000071954c46a0e8} 'invokeImpl' '(Ljava/lang/Object;[Ljava/lang/Object;)Ljava/lang/Object;' in 'jdk/internal/reflect/DirectMethodHandleAccessor')}
  0x0000719571020ac0: 0148 ba70 | 41d1 4c95 | 7100 008b | 8a90 0000 | 0083 c102 | 898a 9000 | 0000 81e1 | feff 1f00 
  0x0000719571020ae0: 85c9 0f84 | db15 0000 

  0x0000719571020ae8: ;   {metadata(method data for {method} {0x000071954c46a0e8} 'invokeImpl' '(Ljava/lang/Object;[Ljava/lang/Object;)Ljava/lang/Object;' in 'jdk/internal/reflect/DirectMethodHandleAccessor')}
  0x0000719571020ae8: 8b56 0c48 | b970 41d1 | 4c95 7100 | 0041 b8e0 | 0000 0085 | d249 8bf8 | 41b8 f000 | 0000 4c0f 
  0x0000719571020b08: 45c7 83fa | 0149 8bf8 | 41b8 0001 | 0000 4c0f | 45c7 83fa | 0249 8bf8 | 41b8 1001 | 0000 4c0f 
  0x0000719571020b28: 45c7 83fa | 0349 8bf8 | 41b8 2001 | 0000 4c0f | 45c7 4a8b | 3c01 41ba | 0100 0000 | 4903 fa4a 
  0x0000719571020b48: 893c 0185 | d20f 847f | 0c00 0083 | fa01 0f84 | 7f0a 0000 | 83fa 020f | 8405 0400 | 0083 fa03 
  0x0000719571020b68: 0f84 db01 | 0000 488b | 8c24 b000 | 0000 488b | 9424 b800 | 0000 8b7e | 180f 1f80 | 0000 0000 
  0x0000719571020b88: ;   {other}
  0x0000719571020b88: e966 1500 | 0090 9090 | 9090 483b 

  0x0000719571020b94: ;   {metadata(method data for {method} {0x000071954c46a0e8} 'invokeImpl' '(Ljava/lang/Object;[Ljava/lang/Object;)Ljava/lang/Object;' in 'jdk/internal/reflect/DirectMethodHandleAccessor')}
  0x0000719571020b94: 0748 bb70 | 41d1 4c95 | 7100 0048 | 8d9b 3803 | 0000 4885 | d275 0ef6 | 4308 0175 | 42f0 4883 
  0x0000719571020bb4: 4b08 01eb | 3a8b 4208 | 4c8b d048 | 3343 0848 | a9fc ffff | ff74 28a8 | 0275 2448 | f743 08fe 
  0x0000719571020bd4: ffff ff74 | 1649 8bc2 | 4833 4308 | 48a9 fcff | ffff 740b | 4883 4b08 | 02eb 0448 | 8943 0848 
  0x0000719571020bf4: 85c9 750e | f643 1801 | 7542 f048 | 834b 1801 | eb3a 8b41 | 084c 8bd0 | 4833 4318 | 48a9 fcff 
  0x0000719571020c14: ffff 7428 | a802 7524 | 48f7 4318 | feff ffff | 7416 498b | c248 3343 | 1848 a9fc | ffff ff74 
  0x0000719571020c34: 0b48 834b | 1802 eb04 | 4889 4318 

  0x0000719571020c40: ;   {metadata(method data for {method} {0x000071954c46a0e8} 'invokeImpl' '(Ljava/lang/Object;[Ljava/lang/Object;)Ljava/lang/Object;' in 'jdk/internal/reflect/DirectMethodHandleAccessor')}
  0x0000719571020c40: 488b df48 | b870 41d1 | 4c95 7100 | 008b 5b08 | 483b 9810 | 0300 0075 | 0d48 8380 | 1803 0000 
  0x0000719571020c60: 01e9 6000 | 0000 483b | 9820 0300 | 0075 0d48 | 8380 2803 | 0000 01e9 | 4a00 0000 | 4883 b810 
  0x0000719571020c80: 0300 0000 | 7517 4889 | 9810 0300 | 0048 c780 | 1803 0000 | 0100 0000 | e929 0000 | 0048 83b8 
  0x0000719571020ca0: 2003 0000 | 0075 1748 | 8998 2003 | 0000 48c7 | 8028 0300 | 0001 0000 | 00e9 0800 | 0000 4883 
  0x0000719571020cc0: 8008 0300 | 0001 488b | f766 0f1f 

  0x0000719571020ccc: ;   {optimized virtual_call}
  0x0000719571020ccc: 4400 00e8 

  0x0000719571020cd0: ; ImmutableOopMap {[168]=Oop }
                      ;*invokevirtual invokeExact {reexecute=0 rethrow=0 return_oop=0}
                      ; - jdk.internal.reflect.DirectMethodHandleAccessor::invokeImpl@104
                      ; - jdk.internal.reflect.DirectMethodHandleAccessor::invoke@23
  0x0000719571020cd0: 0c5a 3207 

  0x0000719571020cd4: ;   {post_call_nop}
  0x0000719571020cd4: 0f1f 8400 | cc04 0002 

  0x0000719571020cdc: ;   {metadata(method data for {method} {0x000071954c46a0e8} 'invokeImpl' '(Ljava/lang/Object;[Ljava/lang/Object;)Ljava/lang/Object;' in 'jdk/internal/reflect/DirectMethodHandleAccessor')}
  0x0000719571020cdc: 48ba 7041 | d14c 9571 | 0000 488d | 9258 0300 | 0048 85c0 | 750c f602 | 0175 3ff0 | 4883 0a01 
  0x0000719571020cfc: eb38 8b48 | 084c 8bd1 | 4833 0a48 | f7c1 fcff | ffff 7426 | f6c1 0275 | 2148 f702 | feff ffff 
  0x0000719571020d1c: 7415 498b | ca48 330a | 48f7 c1fc | ffff ff74 | 0948 830a | 02eb 0348 | 890a 4881 | c420 0100 
  0x0000719571020d3c: ;   {poll_return}
  0x0000719571020d3c: 005d 493b | 6728 0f87 | ba13 0000 | c348 8b8c | 24b0 0000 | 0048 8b94 | 24b8 0000 | 008b 5e18 
  0x0000719571020d5c: ; implicit exception: dispatches to 0x0000719571022118
  0x0000719571020d5c: 8379 0c00 | 0f86 bc13 | 0000 448b | 4110 8379 | 0c01 0f86 | c013 0000 | 448b 4914 | 8379 0c02 
  0x0000719571020d7c: 0f86 c413 | 0000 8b79 | 1866 6690 

  0x0000719571020d88: ;   {oop(a 'java/lang/invoke/MethodType'{0x00000000c0140230} = (Ljava/lang/Object;Ljava/lang/Object;Ljava/lang/Object;Ljava/lang/Object;)Ljava/lang/Object;)}
  0x0000719571020d88: 48b8 3002 | 14c0 0000 | 0000 483b 

  0x0000719571020d94: ;   {metadata(method data for {method} {0x000071954c46a0e8} 'invokeImpl' '(Ljava/lang/Object;[Ljava/lang/Object;)Ljava/lang/Object;' in 'jdk/internal/reflect/DirectMethodHandleAccessor')}
  0x0000719571020d94: 0348 b970 | 41d1 4c95 | 7100 0048 | 8d89 c002 | 0000 4885 | d275 0ef6 | 4108 0175 | 47f0 4883 
  0x0000719571020db4: 4908 01eb | 3f44 8b5a | 084d 8bd3 | 4c33 5908 | 49f7 c3fc | ffff ff74 | 2b41 f6c3 | 0275 2548 
  0x0000719571020dd4: f741 08fe | ffff ff74 | 174d 8bda | 4c33 5908 | 49f7 c3fc | ffff ff74 | 0b48 8349 | 0802 eb04 
  0x0000719571020df4: 4c89 5908 | 4d85 c075 | 0ef6 4118 | 0175 47f0 | 4883 4918 | 01eb 3f45 | 8b58 084d | 8bd3 4c33 
  0x0000719571020e14: 5918 49f7 | c3fc ffff | ff74 2b41 | f6c3 0275 | 2548 f741 | 18fe ffff | ff74 174d | 8bda 4c33 
  0x0000719571020e34: 5918 49f7 | c3fc ffff | ff74 0b48 | 8349 1802 | eb04 4c89 | 5918 488b 

  0x0000719571020e4c: ;   {metadata(method data for {method} {0x000071954c46a0e8} 'invokeImpl' '(Ljava/lang/Object;[Ljava/lang/Object;)Ljava/lang/Object;' in 'jdk/internal/reflect/DirectMethodHandleAccessor')}
  0x0000719571020e4c: cb49 bb70 | 41d1 4c95 | 7100 008b | 4908 493b | 8b98 0200 | 0075 0d49 | 8383 a002 | 0000 01e9 
  0x0000719571020e6c: 6000 0000 | 493b 8ba8 | 0200 0075 | 0d49 8383 | b002 0000 | 01e9 4a00 | 0000 4983 | bb98 0200 
  0x0000719571020e8c: 0000 7517 | 4989 8b98 | 0200 0049 | c783 a002 | 0000 0100 | 0000 e929 | 0000 0049 | 83bb a802 
  0x0000719571020eac: 0000 0075 | 1749 898b | a802 0000 | 49c7 83b0 | 0200 0001 | 0000 00e9 | 0800 0000 | 4983 8390 
  0x0000719571020ecc: 0200 0001 | 498b c84d | 8bc1 4c8b | cf48 8bf8 

  0x0000719571020edc: ;   {optimized virtual_call}
  0x0000719571020edc: 488b f3e8 

  0x0000719571020ee0: ; ImmutableOopMap {[168]=Oop }
                      ;*invokevirtual invokeExact {reexecute=0 rethrow=0 return_oop=0}
                      ; - jdk.internal.reflect.DirectMethodHandleAccessor::invokeImpl@92
                      ; - jdk.internal.reflect.DirectMethodHandleAccessor::invoke@23
  0x0000719571020ee0: c915 0000 

  0x0000719571020ee4: ;   {post_call_nop}
  0x0000719571020ee4: 0f1f 8400 | dc06 0003 

  0x0000719571020eec: ;   {metadata(method data for {method} {0x000071954c46a0e8} 'invokeImpl' '(Ljava/lang/Object;[Ljava/lang/Object;)Ljava/lang/Object;' in 'jdk/internal/reflect/DirectMethodHandleAccessor')}
  0x0000719571020eec: 48be 7041 | d14c 9571 | 0000 488d | b6e0 0200 | 0048 85c0 | 750c f606 | 0175 40f0 | 4883 0e01 
  0x0000719571020f0c: eb39 8b78 | 084c 8bd7 | 4833 3e48 | f7c7 fcff | ffff 7427 | 40f6 c702 | 7521 48f7 | 06fe ffff 
  0x0000719571020f2c: ff74 1549 | 8bfa 4833 | 3e48 f7c7 | fcff ffff | 7409 4883 | 0e02 eb03 

  0x0000719571020f44: ;   {metadata(method data for {method} {0x000071954c46a0e8} 'invokeImpl' '(Ljava/lang/Object;[Ljava/lang/Object;)Ljava/lang/Object;' in 'jdk/internal/reflect/DirectMethodHandleAccessor')}
  0x0000719571020f44: 4889 3e48 | be70 41d1 | 4c95 7100 | 00ff 86f0 | 0200 0048 | 81c4 2001 

  0x0000719571020f5c: ;   {poll_return}
  0x0000719571020f5c: 0000 5d49 | 3b67 280f | 870d 1200 | 00c3 488b | 8c24 b000 | 0000 488b | 9424 b800 | 0000 8b7e 
  0x0000719571020f7c: 1848 89bc | 24c8 0000 | 0083 790c | 000f 8607 | 1200 008b | 5910 4889 | 9c24 c000 | 0000 8379 
  0x0000719571020f9c: 0c01 0f86 | 0412 0000 | 8b41 1448 | 8984 24d0 

  0x0000719571020fac: ;   {metadata(method data for {method} {0x000071954c46a0e8} 'invokeImpl' '(Ljava/lang/Object;[Ljava/lang/Object;)Ljava/lang/Object;' in 'jdk/internal/reflect/DirectMethodHandleAccessor')}
  0x0000719571020fac: 0000 0048 | b970 41d1 | 4c95 7100 | 0048 8d89 | 4802 0000 | 4885 d275 | 0ef6 4108 | 0175 47f0 
  0x0000719571020fcc: 4883 4908 | 01eb 3f44 | 8b42 084d | 8bd0 4c33 | 4108 49f7 | c0fc ffff | ff74 2b41 | f6c0 0275 
  0x0000719571020fec: 2548 f741 | 08fe ffff | ff74 174d | 8bc2 4c33 | 4108 49f7 | c0fc ffff | ff74 0b48 | 8349 0802 
  0x000071957102100c: eb04 4c89 

  0x0000719571021010: ;   {metadata(method data for {method} {0x000071954cb19ab0} 'invokeExact_MT' '(Ljava/lang/Object;Ljava/lang/Object;Ljava/lang/Object;Ljava/lang/Object;Ljava/lang/Object;)Ljava/lang/Object;' in 'java/lang/invoke/LambdaForm$MH+0x000000004e146c00')}
  0x0000719571021010: 4108 48b9 | 209d b14c | 9571 0000 | 488d 8970 | 0200 0048 | 85ff 750c | f601 0175 | 41f0 4883 
  0x0000719571021030: 0901 eb3a | 448b 4708 | 4d8b d04c | 3301 49f7 | c0fc ffff | ff74 2741 | f6c0 0275 | 2148 f701 
  0x0000719571021050: feff ffff | 7415 4d8b | c24c 3301 | 49f7 c0fc | ffff ff74 | 0948 8309 | 02eb 034c | 8901 4885 
  0x0000719571021070: d275 0ef6 | 4110 0175 | 47f0 4883 | 4910 01eb | 3f44 8b42 | 084d 8bd0 | 4c33 4110 | 49f7 c0fc 
  0x0000719571021090: ffff ff74 | 2b41 f6c0 | 0275 2548 | f741 10fe | ffff ff74 | 174d 8bc2 | 4c33 4110 | 49f7 c0fc 
  0x00007195710210b0: ffff ff74 | 0b48 8349 | 1002 eb04 | 4c89 4110 

  0x00007195710210c0: ;   {metadata(method data for {method} {0x000071954c46a0e8} 'invokeImpl' '(Ljava/lang/Object;[Ljava/lang/Object;)Ljava/lang/Object;' in 'jdk/internal/reflect/DirectMethodHandleAccessor')}
  0x00007195710210c0: 48b9 7041 | d14c 9571 | 0000 4883 | 8118 0200 

  0x00007195710210d0: ;   {metadata(method data for {method} {0x000071954cb19ab0} 'invokeExact_MT' '(Ljava/lang/Object;Ljava/lang/Object;Ljava/lang/Object;Ljava/lang/Object;Ljava/lang/Object;)Ljava/lang/Object;' in 'java/lang/invoke/LambdaForm$MH+0x000000004e146c00')}
  0x00007195710210d0: 0001 48b9 | 209d b14c | 9571 0000 | 448b 8190 | 0000 0041 | 83c0 0244 | 8981 9000 | 0000 4181 
  0x00007195710210f0: e0fe ff1f | 0045 85c0 | 0f84 bc10 

  0x00007195710210fc: ;   {metadata(method data for {method} {0x000071954cb19ab0} 'invokeExact_MT' '(Ljava/lang/Object;Ljava/lang/Object;Ljava/lang/Object;Ljava/lang/Object;Ljava/lang/Object;)Ljava/lang/Object;' in 'java/lang/invoke/LambdaForm$MH+0x000000004e146c00')}
  0x00007195710210fc: 0000 48b9 | 209d b14c | 9571 0000 | 488d 8948 | 0100 0048 | 85ff 750e | f641 0801 | 7547 f048 
  0x000071957102111c: 8349 0801 | eb3f 448b | 4708 4d8b | d04c 3341 | 0849 f7c0 | fcff ffff | 742b 41f6 | c002 7525 
  0x000071957102113c: 48f7 4108 | feff ffff | 7417 4d8b | c24c 3341 | 0849 f7c0 | fcff ffff | 740b 4883 | 4908 02eb 
  0x000071957102115c: 044c 8941 

  0x0000719571021160: ;   {metadata(method data for {method} {0x000071954cb19ab0} 'invokeExact_MT' '(Ljava/lang/Object;Ljava/lang/Object;Ljava/lang/Object;Ljava/lang/Object;Ljava/lang/Object;)Ljava/lang/Object;' in 'java/lang/invoke/LambdaForm$MH+0x000000004e146c00')}
  0x0000719571021160: 0848 b920 | 9db1 4c95 | 7100 0048 | 8381 3801 

  0x0000719571021170: ;   {metadata(method data for {method} {0x000071954c36db88} 'checkExactType' '(Ljava/lang/invoke/MethodHandle;Ljava/lang/invoke/MethodType;)V' in 'java/lang/invoke/Invokers')}
  0x0000719571021170: 0000 0148 | b9c8 56d0 | 4c95 7100 | 0044 8b81 | 9000 0000 | 4183 c002 | 4489 8190 | 0000 0041 
  0x0000719571021190: 81e0 feff | 1f00 4585 | c00f 843c | 1000 0048 | 3b07 488b 

  0x00007195710211a4: ;   {metadata(method data for {method} {0x000071954c36db88} 'checkExactType' '(Ljava/lang/invoke/MethodHandle;Ljava/lang/invoke/MethodType;)V' in 'java/lang/invoke/Invokers')}
  0x00007195710211a4: cf49 b8c8 | 56d0 4c95 | 7100 008b | 4908 493b | 88e0 0000 | 0075 0d49 | 8380 e800 | 0000 01e9 
  0x00007195710211c4: 6000 0000 | 493b 88f0 | 0000 0075 | 0d49 8380 | f800 0000 | 01e9 4a00 | 0000 4983 | b8e0 0000 
  0x00007195710211e4: 0000 7517 | 4989 88e0 | 0000 0049 | c780 e800 | 0000 0100 | 0000 e929 | 0000 0049 | 83b8 f000 
  0x0000719571021204: 0000 0075 | 1749 8988 | f000 0000 | 49c7 80f8 | 0000 0001 | 0000 00e9 | 0800 0000 | 4983 80d8 
  0x0000719571021224: 0000 0001 

  0x0000719571021228: ;   {oop(a 'java/lang/invoke/MethodType'{0x00000000c0140020} = (Ljava/lang/Object;Ljava/lang/Object;Ljava/lang/Object;)Ljava/lang/Object;)}
  0x0000719571021228: 8b4f 1049 | b820 0014 | c000 0000 | 0049 3bc8 

  0x0000719571021238: ;   {metadata(method data for {method} {0x000071954c36db88} 'checkExactType' '(Ljava/lang/invoke/MethodHandle;Ljava/lang/invoke/MethodType;)V' in 'java/lang/invoke/Invokers')}
  0x0000719571021238: 49b8 c856 | d04c 9571 | 0000 41b9 | 1801 0000 | 7506 41b9 | 0801 0000 | 4f8b 1c08 | 4d8d 5b01 
  0x0000719571021258: 4f89 1c08 | 0f85 3d09 

  0x0000719571021260: ;   {metadata(method data for {method} {0x000071954cb19ab0} 'invokeExact_MT' '(Ljava/lang/Object;Ljava/lang/Object;Ljava/lang/Object;Ljava/lang/Object;Ljava/lang/Object;)Ljava/lang/Object;' in 'java/lang/invoke/LambdaForm$MH+0x000000004e146c00')}
  0x0000719571021260: 0000 48b9 | 209d b14c | 9571 0000 | 488d 8980 | 0100 0044 | 8b47 084d | 8bd0 4c33 | 4108 49f7 
  0x0000719571021280: c0fc ffff | ff74 2b41 | f6c0 0275 | 2548 f741 | 08fe ffff | ff74 174d | 8bc2 4c33 | 4108 49f7 
  0x00007195710212a0: c0fc ffff | ff74 0b48 | 8349 0802 | eb04 4c89 

  0x00007195710212b0: ;   {metadata(method data for {method} {0x000071954cb19ab0} 'invokeExact_MT' '(Ljava/lang/Object;Ljava/lang/Object;Ljava/lang/Object;Ljava/lang/Object;Ljava/lang/Object;)Ljava/lang/Object;' in 'java/lang/invoke/LambdaForm$MH+0x000000004e146c00')}
  0x00007195710212b0: 4108 48b9 | 209d b14c | 9571 0000 | 4883 8170 | 0100 0001 

  0x00007195710212c4: ;   {metadata(method data for {method} {0x000071954c36e1d0} 'checkCustomized' '(Ljava/lang/invoke/MethodHandle;)V' in 'java/lang/invoke/Invokers')}
  0x00007195710212c4: 48b9 6054 | d04c 9571 | 0000 448b | 8190 0000 | 0041 83c0 | 0244 8981 | 9000 0000 | 4181 e0fe 
  0x00007195710212e4: ff1f 0045 | 85c0 0f84 | 110f 0000 

  0x00007195710212f0: ;   {metadata(method data for {method} {0x000071954c36e1d0} 'checkCustomized' '(Ljava/lang/invoke/MethodHandle;)V' in 'java/lang/invoke/Invokers')}
  0x00007195710212f0: 48b9 6054 | d04c 9571 | 0000 4883 | 81d8 0000 

  0x0000719571021300: ;   {metadata(method data for {method} {0x000071954c08fb80} 'isCompileConstant' '(Ljava/lang/Object;)Z' in 'java/lang/invoke/MethodHandleImpl')}
  0x0000719571021300: 0001 48b9 | d855 d04c | 9571 0000 | 448b 8190 | 0000 0041 | 83c0 0244 | 8981 9000 | 0000 4181 
  0x0000719571021320: e0fe ff1f | 0045 85c0 | 0f84 f40e 

  0x000071957102132c: ;   {metadata(method data for {method} {0x000071954c36e1d0} 'checkCustomized' '(Ljava/lang/invoke/MethodHandle;)V' in 'java/lang/invoke/Invokers')}
  0x000071957102132c: 0000 48b9 | 6054 d04c | 9571 0000 | ff81 e800 | 0000 8b4f | 148b 491c 

  0x0000719571021344: ;   {metadata(method data for {method} {0x000071954c36e1d0} 'checkCustomized' '(Ljava/lang/invoke/MethodHandle;)V' in 'java/lang/invoke/Invokers')}
  0x0000719571021344: 4885 c948 | b960 54d0 | 4c95 7100 | 0041 b808 | 0100 0075 | 0641 b818 | 0100 004e | 8b0c 014d 
  0x0000719571021364: 8d49 014e | 890c 010f | 8523 0000 

  0x0000719571021370: ;   {metadata(method data for {method} {0x000071954c36e1d0} 'checkCustomized' '(Ljava/lang/invoke/MethodHandle;)V' in 'java/lang/invoke/Invokers')}
  0x0000719571021370: 0048 b960 | 54d0 4c95 | 7100 0048 | 8381 2801 | 0000 0148 

  0x0000719571021384: ;   {static_call}
  0x0000719571021384: 8bf7 90e8 

  0x0000719571021388: ; ImmutableOopMap {[168]=Oop [184]=Oop [192]=Oop [200]=Oop [208]=Oop }
                      ;*invokestatic maybeCustomize {reexecute=0 rethrow=0 return_oop=0}
                      ; - java.lang.invoke.Invokers::checkCustomized@19
                      ; - java.lang.invoke.LambdaForm$MH/0x000000004e146c00::invokeExact_MT@15
                      ; - jdk.internal.reflect.DirectMethodHandleAccessor::invokeImpl@72
                      ; - jdk.internal.reflect.DirectMethodHandleAccessor::invoke@23
  0x0000719571021388: 7458 ffff 

  0x000071957102138c: ;   {post_call_nop}
  0x000071957102138c: 0f1f 8400 | 840b 0004 | 488b 9c24 | c000 0000 | 488b 9424 | b800 0000 

  0x00007195710213a4: ;   {metadata(method data for {method} {0x000071954cb19ab0} 'invokeExact_MT' '(Ljava/lang/Object;Ljava/lang/Object;Ljava/lang/Object;Ljava/lang/Object;Ljava/lang/Object;)Ljava/lang/Object;' in 'java/lang/invoke/LambdaForm$MH+0x000000004e146c00')}
  0x00007195710213a4: 48b9 209d | b14c 9571 | 0000 488d | 89c8 0100 | 0048 85d2 | 750e f641 | 0801 7547 | f048 8349 
  0x00007195710213c4: 0801 eb3f | 448b 4208 | 4d8b d04c | 3341 0849 | f7c0 fcff | ffff 742b | 41f6 c002 | 7525 48f7 
  0x00007195710213e4: 4108 feff | ffff 7417 | 4d8b c24c | 3341 0849 | f7c0 fcff | ffff 740b | 4883 4908 | 02eb 044c 
  0x0000719571021404: 8941 0848 | 85db 750e | f641 1801 | 7547 f048 | 8349 1801 | eb3f 448b | 4308 4d8b | d04c 3341 
  0x0000719571021424: 1849 f7c0 | fcff ffff | 742b 41f6 | c002 7525 | 48f7 4118 | feff ffff | 7417 4d8b | c24c 3341 
  0x0000719571021444: 1849 f7c0 | fcff ffff | 740b 4883 | 4918 02eb | 044c 8941 | 1848 8bbc | 24c8 0000 

  0x0000719571021460: ;   {metadata(method data for {method} {0x000071954cb19ab0} 'invokeExact_MT' '(Ljava/lang/Object;Ljava/lang/Object;Ljava/lang/Object;Ljava/lang/Object;Ljava/lang/Object;)Ljava/lang/Object;' in 'java/lang/invoke/LambdaForm$MH+0x000000004e146c00')}
  0x0000719571021460: 0048 b920 | 9db1 4c95 | 7100 008b | 7f08 483b | b9a0 0100 | 0075 0d48 | 8381 a801 | 0000 01e9 
  0x0000719571021480: 6000 0000 | 483b b9b0 | 0100 0075 | 0d48 8381 | b801 0000 | 01e9 4a00 | 0000 4883 | b9a0 0100 
  0x00007195710214a0: 0000 7517 | 4889 b9a0 | 0100 0048 | c781 a801 | 0000 0100 | 0000 e929 | 0000 0048 | 83b9 b001 
  0x00007195710214c0: 0000 0075 | 1748 89b9 | b001 0000 | 48c7 81b8 | 0100 0001 | 0000 00e9 | 0800 0000 | 4883 8198 
  0x00007195710214e0: 0100 0001 | 488b cb4c | 8b84 24d0 | 0000 0048 | 8bb4 24c8 

  0x00007195710214f4: ;   {optimized virtual_call}
  0x00007195710214f4: 0000 00e8 

  0x00007195710214f8: ; ImmutableOopMap {[168]=Oop }
                      ;*invokevirtual invokeBasic {reexecute=0 rethrow=0 return_oop=0}
                      ; - java.lang.invoke.LambdaForm$MH/0x000000004e146c00::invokeExact_MT@22
                      ; - jdk.internal.reflect.DirectMethodHandleAccessor::invokeImpl@72
                      ; - jdk.internal.reflect.DirectMethodHandleAccessor::invoke@23
  0x00007195710214f8: 84bf a207 

  0x00007195710214fc: ;   {post_call_nop}
  0x00007195710214fc: 0f1f 8400 | f40c 0005 

  0x0000719571021504: ;   {metadata(method data for {method} {0x000071954cb19ab0} 'invokeExact_MT' '(Ljava/lang/Object;Ljava/lang/Object;Ljava/lang/Object;Ljava/lang/Object;Ljava/lang/Object;)Ljava/lang/Object;' in 'java/lang/invoke/LambdaForm$MH+0x000000004e146c00')}
  0x0000719571021504: 48ba 209d | b14c 9571 | 0000 488d | 92e8 0100 | 0048 85c0 | 750c f602 | 0175 3ff0 | 4883 0a01 
  0x0000719571021524: eb38 8b48 | 084c 8bd1 | 4833 0a48 | f7c1 fcff | ffff 7426 | f6c1 0275 | 2148 f702 | feff ffff 
  0x0000719571021544: 7415 498b | ca48 330a | 48f7 c1fc | ffff ff74 | 0948 830a | 02eb 0348 

  0x000071957102155c: ;   {metadata(method data for {method} {0x000071954c46a0e8} 'invokeImpl' '(Ljava/lang/Object;[Ljava/lang/Object;)Ljava/lang/Object;' in 'jdk/internal/reflect/DirectMethodHandleAccessor')}
  0x000071957102155c: 890a 48ba | 7041 d14c | 9571 0000 | 488d 9268 | 0200 0048 | 85c0 750c | f602 0175 | 3ff0 4883 
  0x000071957102157c: 0a01 eb38 | 8b48 084c | 8bd1 4833 | 0a48 f7c1 | fcff ffff | 7426 f6c1 | 0275 2148 | f702 feff 
  0x000071957102159c: ffff 7415 | 498b ca48 | 330a 48f7 | c1fc ffff | ff74 0948 | 830a 02eb | 0348 890a 

  0x00007195710215b8: ;   {metadata(method data for {method} {0x000071954c46a0e8} 'invokeImpl' '(Ljava/lang/Object;[Ljava/lang/Object;)Ljava/lang/Object;' in 'jdk/internal/reflect/DirectMethodHandleAccessor')}
  0x00007195710215b8: 48ba 7041 | d14c 9571 | 0000 ff82 | 7802 0000 | 4881 c420 | 0100 005d 

  0x00007195710215d0: ;   {poll_return}
  0x00007195710215d0: 493b 6728 | 0f87 6e0c | 0000 c348 | 8b8c 24b0 | 0000 0048 | 8b94 24b8 | 0000 008b | 7e18 8379 
  0x00007195710215f0: 0c00 0f86 | 700c 0000 | 8b49 100f | 1f44 0000 

  0x0000719571021600: ;   {oop(a 'java/lang/invoke/MethodType'{0x00000000c013fe18} = (Ljava/lang/Object;Ljava/lang/Object;)Ljava/lang/Object;)}
  0x0000719571021600: 49b8 18fe | 13c0 0000 | 0000 483b 

  0x000071957102160c: ;   {metadata(method data for {method} {0x000071954c46a0e8} 'invokeImpl' '(Ljava/lang/Object;[Ljava/lang/Object;)Ljava/lang/Object;' in 'jdk/internal/reflect/DirectMethodHandleAccessor')}
  0x000071957102160c: 0748 bb70 | 41d1 4c95 | 7100 0048 | 8d9b d001 | 0000 4885 | d275 0ef6 | 4308 0175 | 42f0 4883 
  0x000071957102162c: 4b08 01eb | 3a8b 4208 | 4c8b d048 | 3343 0848 | a9fc ffff | ff74 28a8 | 0275 2448 | f743 08fe 
  0x000071957102164c: ffff ff74 | 1649 8bc2 | 4833 4308 | 48a9 fcff | ffff 740b | 4883 4b08 | 02eb 0448 | 8943 0848 
  0x000071957102166c: 85c9 750e | f643 1801 | 7542 f048 | 834b 1801 | eb3a 8b41 | 084c 8bd0 | 4833 4318 | 48a9 fcff 
  0x000071957102168c: ffff 7428 | a802 7524 | 48f7 4318 | feff ffff | 7416 498b | c248 3343 | 1848 a9fc | ffff ff74 
  0x00007195710216ac: 0b48 834b | 1802 eb04 | 4889 4318 

  0x00007195710216b8: ;   {metadata(method data for {method} {0x000071954c46a0e8} 'invokeImpl' '(Ljava/lang/Object;[Ljava/lang/Object;)Ljava/lang/Object;' in 'jdk/internal/reflect/DirectMethodHandleAccessor')}
  0x00007195710216b8: 488b df48 | b870 41d1 | 4c95 7100 | 008b 5b08 | 483b 98a8 | 0100 0075 | 0d48 8380 | b001 0000 
  0x00007195710216d8: 01e9 6000 | 0000 483b | 98b8 0100 | 0075 0d48 | 8380 c001 | 0000 01e9 | 4a00 0000 | 4883 b8a8 
  0x00007195710216f8: 0100 0000 | 7517 4889 | 98a8 0100 | 0048 c780 | b001 0000 | 0100 0000 | e929 0000 | 0048 83b8 
  0x0000719571021718: b801 0000 | 0075 1748 | 8998 b801 | 0000 48c7 | 80c0 0100 | 0001 0000 | 00e9 0800 | 0000 4883 
  0x0000719571021738: 80a0 0100 | 0001 488b | f766 0f1f 

  0x0000719571021744: ;   {optimized virtual_call}
  0x0000719571021744: 4400 00e8 

  0x0000719571021748: ; ImmutableOopMap {[168]=Oop }
                      ;*invokevirtual invokeExact {reexecute=0 rethrow=0 return_oop=0}
                      ; - jdk.internal.reflect.DirectMethodHandleAccessor::invokeImpl@55
                      ; - jdk.internal.reflect.DirectMethodHandleAccessor::invoke@23
  0x0000719571021748: 710d 0000 

  0x000071957102174c: ;   {post_call_nop}
  0x000071957102174c: 0f1f 8400 | 440f 0006 

  0x0000719571021754: ;   {metadata(method data for {method} {0x000071954c46a0e8} 'invokeImpl' '(Ljava/lang/Object;[Ljava/lang/Object;)Ljava/lang/Object;' in 'jdk/internal/reflect/DirectMethodHandleAccessor')}
  0x0000719571021754: 48be 7041 | d14c 9571 | 0000 488d | b6f0 0100 | 0048 85c0 | 750c f606 | 0175 40f0 | 4883 0e01 
  0x0000719571021774: eb39 8b78 | 084c 8bd7 | 4833 3e48 | f7c7 fcff | ffff 7427 | 40f6 c702 | 7521 48f7 | 06fe ffff 
  0x0000719571021794: ff74 1549 | 8bfa 4833 | 3e48 f7c7 | fcff ffff | 7409 4883 | 0e02 eb03 

  0x00007195710217ac: ;   {metadata(method data for {method} {0x000071954c46a0e8} 'invokeImpl' '(Ljava/lang/Object;[Ljava/lang/Object;)Ljava/lang/Object;' in 'jdk/internal/reflect/DirectMethodHandleAccessor')}
  0x00007195710217ac: 4889 3e48 | be70 41d1 | 4c95 7100 | 00ff 8600 | 0200 0048 | 81c4 2001 

  0x00007195710217c4: ;   {poll_return}
  0x00007195710217c4: 0000 5d49 | 3b67 280f | 87c7 0a00 | 00c3 488b | 9424 b800 | 0000 8b7e | 1848 89bc | 24d8 0000 
  0x00007195710217e4: ;   {metadata(method data for {method} {0x000071954c46a0e8} 'invokeImpl' '(Ljava/lang/Object;[Ljava/lang/Object;)Ljava/lang/Object;' in 'jdk/internal/reflect/DirectMethodHandleAccessor')}
  0x00007195710217e4: 0048 bb70 | 41d1 4c95 | 7100 0048 | 8d9b 6801 | 0000 4885 | d275 0cf6 | 4308 0175 | 06f0 4883 
  0x0000719571021804: ;   {metadata(method data for {method} {0x000071954c3c5410} 'invokeExact_MT' '(Ljava/lang/Object;Ljava/lang/Object;Ljava/lang/Object;)Ljava/lang/Object;' in 'java/lang/invoke/Invokers$Holder')}
  0x0000719571021804: 4b08 0148 | bb40 7ed0 | 4c95 7100 | 0048 8d9b | 5002 0000 | 4885 ff75 | 0af6 0301 | 7505 f048 
  0x0000719571021824: ;   {metadata(method data for {method} {0x000071954c46a0e8} 'invokeImpl' '(Ljava/lang/Object;[Ljava/lang/Object;)Ljava/lang/Object;' in 'jdk/internal/reflect/DirectMethodHandleAccessor')}
  0x0000719571021824: 830b 0148 | bb70 41d1 | 4c95 7100 | 0048 8383 | 3801 0000 

  0x0000719571021838: ;   {metadata(method data for {method} {0x000071954c3c5410} 'invokeExact_MT' '(Ljava/lang/Object;Ljava/lang/Object;Ljava/lang/Object;)Ljava/lang/Object;' in 'java/lang/invoke/Invokers$Holder')}
  0x0000719571021838: 0148 bb40 | 7ed0 4c95 | 7100 008b | 8390 0000 | 0083 c002 | 8983 9000 | 0000 25fe | ff1f 0085 
  0x0000719571021858: c00f 844f 

  0x000071957102185c: ;   {metadata(method data for {method} {0x000071954c3c5410} 'invokeExact_MT' '(Ljava/lang/Object;Ljava/lang/Object;Ljava/lang/Object;)Ljava/lang/Object;' in 'java/lang/invoke/Invokers$Holder')}
  0x000071957102185c: 0a00 0048 | bb40 7ed0 | 4c95 7100 | 0048 8d9b | 4801 0000 | 4885 ff75 | 0cf6 4308 | 0175 06f0 
  0x000071957102187c: 4883 4b08 

  0x0000719571021880: ;   {metadata(method data for {method} {0x000071954c3c5410} 'invokeExact_MT' '(Ljava/lang/Object;Ljava/lang/Object;Ljava/lang/Object;)Ljava/lang/Object;' in 'java/lang/invoke/Invokers$Holder')}
  0x0000719571021880: 0148 bb40 | 7ed0 4c95 | 7100 0048 | 8383 3801 

  0x0000719571021890: ;   {metadata(method data for {method} {0x000071954c36db88} 'checkExactType' '(Ljava/lang/invoke/MethodHandle;Ljava/lang/invoke/MethodType;)V' in 'java/lang/invoke/Invokers')}
  0x0000719571021890: 0000 0148 | bbc8 56d0 | 4c95 7100 | 008b 8390 | 0000 0083 | c002 8983 | 9000 0000 | 25fe ff1f 
  0x00007195710218b0: 0085 c00f | 8416 0a00 | 0048 3b07 

  0x00007195710218bc: ;   {metadata(method data for {method} {0x000071954c36db88} 'checkExactType' '(Ljava/lang/invoke/MethodHandle;Ljava/lang/invoke/MethodType;)V' in 'java/lang/invoke/Invokers')}
  0x00007195710218bc: 488b df48 | b8c8 56d0 | 4c95 7100 | 008b 5b08 | 483b 98e0 | 0000 0075 | 0d48 8380 | e800 0000 
  0x00007195710218dc: 01e9 6000 | 0000 483b | 98f0 0000 | 0075 0d48 | 8380 f800 | 0000 01e9 | 4a00 0000 | 4883 b8e0 
  0x00007195710218fc: 0000 0000 | 7517 4889 | 98e0 0000 | 0048 c780 | e800 0000 | 0100 0000 | e929 0000 | 0048 83b8 
  0x000071957102191c: f000 0000 | 0075 1748 | 8998 f000 | 0000 48c7 | 80f8 0000 | 0001 0000 | 00e9 0800 | 0000 4883 
  0x000071957102193c: 80d8 0000 | 0001 8b5f 

  0x0000719571021944: ;   {oop(a 'java/lang/invoke/MethodType'{0x00000000c013fc00} = (Ljava/lang/Object;)Ljava/lang/Object;)}
  0x0000719571021944: 1048 b800 | fc13 c000 | 0000 0048 

  0x0000719571021950: ;   {metadata(method data for {method} {0x000071954c36db88} 'checkExactType' '(Ljava/lang/invoke/MethodHandle;Ljava/lang/invoke/MethodType;)V' in 'java/lang/invoke/Invokers')}
  0x0000719571021950: 3bd8 48b8 | c856 d04c | 9571 0000 | b918 0100 | 0075 05b9 | 0801 0000 | 4c8b 0408 | 4d8d 4001 
  0x0000719571021970: 4c89 0408 | 0f85 e501 

  0x0000719571021978: ;   {metadata(method data for {method} {0x000071954c3c5410} 'invokeExact_MT' '(Ljava/lang/Object;Ljava/lang/Object;Ljava/lang/Object;)Ljava/lang/Object;' in 'java/lang/invoke/Invokers$Holder')}
  0x0000719571021978: 0000 48bb | 407e d04c | 9571 0000 | 4883 8370 | 0100 0001 

  0x000071957102198c: ;   {metadata(method data for {method} {0x000071954c36e1d0} 'checkCustomized' '(Ljava/lang/invoke/MethodHandle;)V' in 'java/lang/invoke/Invokers')}
  0x000071957102198c: 48bb 6054 | d04c 9571 | 0000 8b83 | 9000 0000 | 83c0 0289 | 8390 0000 | 0025 feff | 1f00 85c0 
  0x00007195710219ac: 0f84 4309 

  0x00007195710219b0: ;   {metadata(method data for {method} {0x000071954c36e1d0} 'checkCustomized' '(Ljava/lang/invoke/MethodHandle;)V' in 'java/lang/invoke/Invokers')}
  0x00007195710219b0: 0000 48bb | 6054 d04c | 9571 0000 | 4883 83d8 | 0000 0001 

  0x00007195710219c4: ;   {metadata(method data for {method} {0x000071954c08fb80} 'isCompileConstant' '(Ljava/lang/Object;)Z' in 'java/lang/invoke/MethodHandleImpl')}
  0x00007195710219c4: 48bb d855 | d04c 9571 | 0000 8b83 | 9000 0000 | 83c0 0289 | 8390 0000 | 0025 feff | 1f00 85c0 
  0x00007195710219e4: 0f84 2c09 

  0x00007195710219e8: ;   {metadata(method data for {method} {0x000071954c36e1d0} 'checkCustomized' '(Ljava/lang/invoke/MethodHandle;)V' in 'java/lang/invoke/Invokers')}
  0x00007195710219e8: 0000 48bb | 6054 d04c | 9571 0000 | ff83 e800 | 0000 8b5f | 148b 5b1c 

  0x0000719571021a00: ;   {metadata(method data for {method} {0x000071954c36e1d0} 'checkCustomized' '(Ljava/lang/invoke/MethodHandle;)V' in 'java/lang/invoke/Invokers')}
  0x0000719571021a00: 4885 db48 | bb60 54d0 | 4c95 7100 | 00b8 0801 | 0000 7505 | b818 0100 | 0048 8b0c | 0348 8d49 
  0x0000719571021a20: 0148 890c | 030f 8529 

  0x0000719571021a28: ;   {metadata(method data for {method} {0x000071954c36e1d0} 'checkCustomized' '(Ljava/lang/invoke/MethodHandle;)V' in 'java/lang/invoke/Invokers')}
  0x0000719571021a28: 0000 0048 | bb60 54d0 | 4c95 7100 | 0048 8383 | 2801 0000 | 0148 8bf7 | 0f1f 8000 

  0x0000719571021a44: ;   {static_call}
  0x0000719571021a44: 0000 00e8 

  0x0000719571021a48: ; ImmutableOopMap {[168]=Oop [184]=Oop [216]=Oop }
                      ;*invokestatic maybeCustomize {reexecute=0 rethrow=0 return_oop=0}
                      ; - java.lang.invoke.Invokers::checkCustomized@19
                      ; - java.lang.invoke.Invokers$Holder::invokeExact_MT@14
                      ; - jdk.internal.reflect.DirectMethodHandleAccessor::invokeImpl@41
                      ; - jdk.internal.reflect.DirectMethodHandleAccessor::invoke@23
  0x0000719571021a48: b451 ffff 

  0x0000719571021a4c: ;   {post_call_nop}
  0x0000719571021a4c: 0f1f 8400 | 4412 0007 | 488b bc24 | d800 0000 

  0x0000719571021a5c: ;   {metadata(method data for {method} {0x000071954c3c5410} 'invokeExact_MT' '(Ljava/lang/Object;Ljava/lang/Object;Ljava/lang/Object;)Ljava/lang/Object;' in 'java/lang/invoke/Invokers$Holder')}
  0x0000719571021a5c: 48ba 407e | d04c 9571 | 0000 8b7f | 0848 3bba | a001 0000 | 750d 4883 | 82a8 0100 | 0001 e960 
  0x0000719571021a7c: 0000 0048 | 3bba b001 | 0000 750d | 4883 82b8 | 0100 0001 | e94a 0000 | 0048 83ba | a001 0000 
  0x0000719571021a9c: 0075 1748 | 89ba a001 | 0000 48c7 | 82a8 0100 | 0001 0000 | 00e9 2900 | 0000 4883 | bab0 0100 
  0x0000719571021abc: 0000 7517 | 4889 bab0 | 0100 0048 | c782 b801 | 0000 0100 | 0000 e908 | 0000 0048 | 8382 9801 
  0x0000719571021adc: 0000 0148 | 8b94 24b8 | 0000 0048 | 8bb4 24d8 

  0x0000719571021aec: ;   {optimized virtual_call}
  0x0000719571021aec: 0000 00e8 

  0x0000719571021af0: ; ImmutableOopMap {[168]=Oop }
                      ;*invokevirtual invokeBasic {reexecute=0 rethrow=0 return_oop=0}
                      ; - java.lang.invoke.Invokers$Holder::invokeExact_MT@19
                      ; - jdk.internal.reflect.DirectMethodHandleAccessor::invokeImpl@41
                      ; - jdk.internal.reflect.DirectMethodHandleAccessor::invoke@23
  0x0000719571021af0: 8ca1 a107 

  0x0000719571021af4: ;   {post_call_nop}
  0x0000719571021af4: 0f1f 8400 | ec12 0008 

  0x0000719571021afc: ;   {metadata(method data for {method} {0x000071954c3c5410} 'invokeExact_MT' '(Ljava/lang/Object;Ljava/lang/Object;Ljava/lang/Object;)Ljava/lang/Object;' in 'java/lang/invoke/Invokers$Holder')}
  0x0000719571021afc: 48be 407e | d04c 9571 | 0000 488d | b6d8 0100 | 0048 85c0 | 750a f606 | 0175 05f0 | 4883 0e01 
  0x0000719571021b1c: ;   {metadata(method data for {method} {0x000071954c46a0e8} 'invokeImpl' '(Ljava/lang/Object;[Ljava/lang/Object;)Ljava/lang/Object;' in 'jdk/internal/reflect/DirectMethodHandleAccessor')}
  0x0000719571021b1c: 48be 7041 | d14c 9571 | 0000 488d | b678 0100 | 0048 85c0 | 750a f606 | 0175 05f0 | 4883 0e01 
  0x0000719571021b3c: ;   {metadata(method data for {method} {0x000071954c46a0e8} 'invokeImpl' '(Ljava/lang/Object;[Ljava/lang/Object;)Ljava/lang/Object;' in 'jdk/internal/reflect/DirectMethodHandleAccessor')}
  0x0000719571021b3c: 48be 7041 | d14c 9571 | 0000 ff86 | 8801 0000 | 4881 c420 | 0100 005d 

  0x0000719571021b54: ;   {poll_return}
  0x0000719571021b54: 493b 6728 | 0f87 de07 

  0x0000719571021b5c: ;   {metadata(method data for {method} {0x000071954c36db88} 'checkExactType' '(Ljava/lang/invoke/MethodHandle;Ljava/lang/invoke/MethodType;)V' in 'java/lang/invoke/Invokers')}
  0x0000719571021b5c: 0000 c348 | bec8 56d0 | 4c95 7100 | 0048 8386 | 2801 0000 

  0x0000719571021b70: ;   {oop(a 'java/lang/invoke/MethodType'{0x00000000c013fc00} = (Ljava/lang/Object;)Ljava/lang/Object;)}
  0x0000719571021b70: 0148 ba00 | fc13 c000 | 0000 0048 

  0x0000719571021b7c: ;   {static_call}
  0x0000719571021b7c: 8bf3 90e8 

  0x0000719571021b80: ; ImmutableOopMap {[168]=Oop [184]=Oop [216]=Oop }
                      ;*invokestatic newWrongMethodTypeException {reexecute=0 rethrow=0 return_oop=0}
                      ; - java.lang.invoke.Invokers::checkExactType@12
                      ; - java.lang.invoke.Invokers$Holder::invokeExact_MT@10
                      ; - jdk.internal.reflect.DirectMethodHandleAccessor::invokeImpl@41
                      ; - jdk.internal.reflect.DirectMethodHandleAccessor::invoke@23
  0x0000719571021b80: 5c51 3207 

  0x0000719571021b84: ;   {post_call_nop}
  0x0000719571021b84: 0f1f 8400 | 7c13 0009 

  0x0000719571021b8c: ; implicit exception: dispatches to 0x0000719571022352
                      ; ImmutableOopMap {rax=Oop [168]=Oop [184]=Oop [216]=Oop }
                      ;*athrow {reexecute=1 rethrow=0 return_oop=0}
                      ; - (reexecute) java.lang.invoke.Invokers::checkExactType@15
                      ; - java.lang.invoke.Invokers$Holder::invokeExact_MT@10
                      ; - jdk.internal.reflect.DirectMethodHandleAccessor::invokeImpl@41
                      ; - jdk.internal.reflect.DirectMethodHandleAccessor::invoke@23
                      ;   {section_word}
  0x0000719571021b8c: 483b 0048 | ba8f 1b02 | 7195 7100 

  0x0000719571021b98: ;   {runtime_call C1 Runtime handle_exception_nofpu_blob}
  0x0000719571021b98: 00e8 4208 

  0x0000719571021b9c: ;   {metadata(method data for {method} {0x000071954c36db88} 'checkExactType' '(Ljava/lang/invoke/MethodHandle;Ljava/lang/invoke/MethodType;)V' in 'java/lang/invoke/Invokers')}
  0x0000719571021b9c: 3f07 9048 | bec8 56d0 | 4c95 7100 | 0048 8386 | 2801 0000 

  0x0000719571021bb0: ;   {oop(a 'java/lang/invoke/MethodType'{0x00000000c0140020} = (Ljava/lang/Object;Ljava/lang/Object;Ljava/lang/Object;)Ljava/lang/Object;)}
  0x0000719571021bb0: 0149 b820 | 0014 c000 | 0000 0048 | 8bf1 498b | d066 0f1f 

  0x0000719571021bc4: ;   {static_call}
  0x0000719571021bc4: 4400 00e8 

  0x0000719571021bc8: ; ImmutableOopMap {[168]=Oop [184]=Oop [192]=Oop [200]=Oop [208]=Oop }
                      ;*invokestatic newWrongMethodTypeException {reexecute=0 rethrow=0 return_oop=0}
                      ; - java.lang.invoke.Invokers::checkExactType@12
                      ; - java.lang.invoke.LambdaForm$MH/0x000000004e146c00::invokeExact_MT@11
                      ; - jdk.internal.reflect.DirectMethodHandleAccessor::invokeImpl@72
                      ; - jdk.internal.reflect.DirectMethodHandleAccessor::invoke@23
  0x0000719571021bc8: 1451 3207 

  0x0000719571021bcc: ;   {post_call_nop}
  0x0000719571021bcc: 0f1f 8400 | c413 000b 

  0x0000719571021bd4: ; implicit exception: dispatches to 0x0000719571022357
                      ; ImmutableOopMap {rax=Oop [168]=Oop [184]=Oop [192]=Oop [200]=Oop [208]=Oop }
                      ;*athrow {reexecute=1 rethrow=0 return_oop=0}
                      ; - (reexecute) java.lang.invoke.Invokers::checkExactType@15
                      ; - java.lang.invoke.LambdaForm$MH/0x000000004e146c00::invokeExact_MT@11
                      ; - jdk.internal.reflect.DirectMethodHandleAccessor::invokeImpl@72
                      ; - jdk.internal.reflect.DirectMethodHandleAccessor::invoke@23
                      ;   {section_word}
  0x0000719571021bd4: 483b 0048 | bad7 1b02 | 7195 7100 

  0x0000719571021be0: ;   {runtime_call C1 Runtime handle_exception_nofpu_blob}
  0x0000719571021be0: 00e8 fa07 | 3f07 9049 | 8b87 e005 | 0000 4d33 | d24d 8997 | e005 0000 | 4d33 d24d | 8997 e805 
  0x0000719571021c00: 0000 488b | b424 a800 

  0x0000719571021c08: ;   {metadata(method data for {method} {0x000071954c469e10} 'invoke' '(Ljava/lang/Object;[Ljava/lang/Object;)Ljava/lang/Object;' in 'jdk/internal/reflect/DirectMethodHandleAccessor')}
  0x0000719571021c08: 0000 48ba | 7837 d14c | 9571 0000 | 4883 8208 | 0200 0001 

  0x0000719571021c1c: ;   {metadata(method data for {method} {0x000071954c46a480} 'isIllegalArgument' '(Ljava/lang/RuntimeException;)Z' in 'jdk/internal/reflect/DirectMethodHandleAccessor')}
  0x0000719571021c1c: 48be f873 | d14c 9571 | 0000 8b96 | 9000 0000 | 83c2 0289 | 9690 0000 | 0081 e2fe | ff1f 0085 
  0x0000719571021c3c: d20f 8419 

  0x0000719571021c40: ;   {oop(a 'java/lang/Class'{0x00000000c02f79f0} = 'jdk/internal/reflect/DirectMethodHandleAccessor')}
  0x0000719571021c40: 0700 0048 | bef0 792f | c000 0000 | 0048 8bd0 | 4889 8424 | e000 0000 | 0f1f 8000 

  0x0000719571021c5c: ;   {static_call}
  0x0000719571021c5c: 0000 00e8 

  0x0000719571021c60: ; ImmutableOopMap {[224]=Oop }
                      ;*invokestatic isIllegalArgument {reexecute=0 rethrow=0 return_oop=0}
                      ; - jdk.internal.reflect.DirectMethodHandleAccessor::isIllegalArgument@3
                      ; - jdk.internal.reflect.DirectMethodHandleAccessor::invoke@58
  0x0000719571021c60: 7c50 3207 

  0x0000719571021c64: ;   {post_call_nop}
  0x0000719571021c64: 0f1f 8400 | 5c14 000d | 83e0 0185 

  0x0000719571021c70: ;   {metadata(method data for {method} {0x000071954c469e10} 'invoke' '(Ljava/lang/Object;[Ljava/lang/Object;)Ljava/lang/Object;' in 'jdk/internal/reflect/DirectMethodHandleAccessor')}
  0x0000719571021c70: c048 b878 | 37d1 4c95 | 7100 00be | 3802 0000 | 7405 be48 | 0200 0048 | 8b14 3048 | 8d52 0148 
  0x0000719571021c90: 8914 300f | 8488 0200 | 00e9 eb01 | 0000 488b | b424 a800 | 0000 498b | 87e0 0500 | 004d 33d2 
  0x0000719571021cb0: 4d89 97e0 | 0500 004d | 33d2 4d89 | 97e8 0500 

  0x0000719571021cc0: ;   {metadata(method data for {method} {0x000071954c469e10} 'invoke' '(Ljava/lang/Object;[Ljava/lang/Object;)Ljava/lang/Object;' in 'jdk/internal/reflect/DirectMethodHandleAccessor')}
  0x0000719571021cc0: 0048 ba78 | 37d1 4c95 | 7100 0048 | 8382 9801 

  0x0000719571021cd0: ;   {metadata(method data for {method} {0x000071954c46a480} 'isIllegalArgument' '(Ljava/lang/RuntimeException;)Z' in 'jdk/internal/reflect/DirectMethodHandleAccessor')}
  0x0000719571021cd0: 0000 0148 | bef8 73d1 | 4c95 7100 | 008b 9690 | 0000 0083 | c202 8996 | 9000 0000 | 81e2 feff 
  0x0000719571021cf0: 1f00 85d2 | 0f84 8306 

  0x0000719571021cf8: ;   {oop(a 'java/lang/Class'{0x00000000c02f79f0} = 'jdk/internal/reflect/DirectMethodHandleAccessor')}
  0x0000719571021cf8: 0000 48be | f079 2fc0 | 0000 0000 | 488b d048 | 8984 24e8 

  0x0000719571021d0c: ;   {static_call}
  0x0000719571021d0c: 0000 00e8 

  0x0000719571021d10: ; ImmutableOopMap {[232]=Oop }
                      ;*invokestatic isIllegalArgument {reexecute=0 rethrow=0 return_oop=0}
                      ; - jdk.internal.reflect.DirectMethodHandleAccessor::isIllegalArgument@3
                      ; - jdk.internal.reflect.DirectMethodHandleAccessor::invoke@30
  0x0000719571021d10: cc4f 3207 

  0x0000719571021d14: ;   {post_call_nop}
  0x0000719571021d14: 0f1f 8400 | 0c15 000e | 83e0 0185 

  0x0000719571021d20: ;   {metadata(method data for {method} {0x000071954c469e10} 'invoke' '(Ljava/lang/Object;[Ljava/lang/Object;)Ljava/lang/Object;' in 'jdk/internal/reflect/DirectMethodHandleAccessor')}
  0x0000719571021d20: c048 ba78 | 37d1 4c95 | 7100 00be | c801 0000 | 7405 bed8 | 0100 0048 | 8b3c 3248 | 8d7f 0148 
  0x0000719571021d40: 893c 320f | 8498 0000 | 000f 1f80 | 0000 0000 

  0x0000719571021d50: ;   {other}
  0x0000719571021d50: e958 0600 | 0000 0000 | 0000 498b | 87c8 0100 | 0048 8d78 | 2849 3bbf | d801 0000 | 0f87 4506 
  0x0000719571021d70: 0000 4989 | bfc8 0100 | 0048 c700 | 0100 0000 | 488b ca89 | 4808 4833 | c989 480c | 4833 c948 
  0x0000719571021d90: 8948 1048 | 8948 1848 | 8948 2048 

  0x0000719571021d9c: ;   {metadata(method data for {method} {0x000071954c469e10} 'invoke' '(Ljava/lang/Object;[Ljava/lang/Object;)Ljava/lang/Object;' in 'jdk/internal/reflect/DirectMethodHandleAccessor')}
  0x0000719571021d9c: 8bd0 48be | 7837 d14c | 9571 0000 | 4883 86e8 | 0100 0001 

  0x0000719571021db0: ;   {oop("argument type mismatch"{0x00000000c02df420})}
  0x0000719571021db0: 48ba 20f4 | 2dc0 0000 | 0000 488b | f048 8984 | 24f0 0000 

  0x0000719571021dc4: ;   {optimized virtual_call}
  0x0000719571021dc4: 0066 90e8 

  0x0000719571021dc8: ; ImmutableOopMap {[240]=Oop }
                      ;*invokespecial <init> {reexecute=0 rethrow=0 return_oop=0}
                      ; - jdk.internal.reflect.DirectMethodHandleAccessor::invoke@42
  0x0000719571021dc8: 1449 3207 

  0x0000719571021dcc: ;   {post_call_nop}
  0x0000719571021dcc: 0f1f 8400 | c415 000f | 488b 8424 | f000 0000 | e9a7 0600 | 0048 8b9c | 24e8 0000 | 000f 1f80 
  0x0000719571021dec: 0000 0000 

  0x0000719571021df0: ;   {other}
  0x0000719571021df0: e9de 0500 | 0000 0000 | 0000 80ba | 3001 0000 | 040f 85db | 0500 0049 | 8b87 c801 | 0000 488d 
  0x0000719571021e10: 7828 493b | bfd8 0100 | 000f 87c3 | 0500 0049 | 89bf c801 | 0000 48c7 | 0001 0000 | 0048 8bca 
  0x0000719571021e30: 8948 0848 | 33c9 8948 | 0c48 33c9 | 4889 4810 | 4889 4818 | 4889 4820 

  0x0000719571021e48: ;   {metadata(method data for {method} {0x000071954c469e10} 'invoke' '(Ljava/lang/Object;[Ljava/lang/Object;)Ljava/lang/Object;' in 'jdk/internal/reflect/DirectMethodHandleAccessor')}
  0x0000719571021e48: 488b d048 | be78 37d1 | 4c95 7100 | 0048 8386 | f801 0000 | 0148 8bd3 | 488b f048 | 8984 24f8 
  0x0000719571021e68: 0000 000f 

  0x0000719571021e6c: ;   {optimized virtual_call}
  0x0000719571021e6c: 1f40 00e8 

  0x0000719571021e70: ; ImmutableOopMap {[248]=Oop }
                      ;*invokespecial <init> {reexecute=0 rethrow=0 return_oop=0}
                      ; - jdk.internal.reflect.DirectMethodHandleAccessor::invoke@51
  0x0000719571021e70: 6c48 3207 

  0x0000719571021e74: ;   {post_call_nop}
  0x0000719571021e74: 0f1f 8400 | 6c16 0010 | 488b 8424 | f800 0000 | e9ff 0500 | 000f 1f80 | 0000 0000 

  0x0000719571021e90: ;   {other}
  0x0000719571021e90: e969 0500 | 0000 0000 | 0000 498b | 87c8 0100 | 0048 8d78 | 2849 3bbf | d801 0000 | 0f87 5605 
  0x0000719571021eb0: 0000 4989 | bfc8 0100 | 0048 c700 | 0100 0000 | 488b ca89 | 4808 4833 | c989 480c | 4833 c948 
  0x0000719571021ed0: 8948 1048 | 8948 1848 | 8948 2048 

  0x0000719571021edc: ;   {metadata(method data for {method} {0x000071954c469e10} 'invoke' '(Ljava/lang/Object;[Ljava/lang/Object;)Ljava/lang/Object;' in 'jdk/internal/reflect/DirectMethodHandleAccessor')}
  0x0000719571021edc: 8bd0 48be | 7837 d14c | 9571 0000 | 4883 8658 | 0200 0001 | 488b 9424 | e000 0000 | 488b f048 
  0x0000719571021efc: 8984 2400 | 0100 000f 

  0x0000719571021f04: ;   {optimized virtual_call}
  0x0000719571021f04: 1f40 00e8 

  0x0000719571021f08: ; ImmutableOopMap {[256]=Oop }
                      ;*invokespecial <init> {reexecute=0 rethrow=0 return_oop=0}
                      ; - jdk.internal.reflect.DirectMethodHandleAccessor::invoke@69
  0x0000719571021f08: d447 3207 

  0x0000719571021f0c: ;   {post_call_nop}
  0x0000719571021f0c: 0f1f 8400 | 0417 0011 | 488b 8424 | 0001 0000 | e967 0500 | 0048 8b9c | 24e0 0000 | 000f 1f80 
  0x0000719571021f2c: 0000 0000 

  0x0000719571021f30: ;   {other}
  0x0000719571021f30: e9ef 0400 | 0000 0000 | 0000 80ba | 3001 0000 | 040f 85ec | 0400 0049 | 8b87 c801 | 0000 488d 
  0x0000719571021f50: 7828 493b | bfd8 0100 | 000f 87d4 | 0400 0049 | 89bf c801 | 0000 48c7 | 0001 0000 | 0048 8bca 
  0x0000719571021f70: 8948 0848 | 33c9 8948 | 0c48 33c9 | 4889 4810 | 4889 4818 | 4889 4820 

  0x0000719571021f88: ;   {metadata(method data for {method} {0x000071954c469e10} 'invoke' '(Ljava/lang/Object;[Ljava/lang/Object;)Ljava/lang/Object;' in 'jdk/internal/reflect/DirectMethodHandleAccessor')}
  0x0000719571021f88: 488b d048 | be78 37d1 | 4c95 7100 | 0048 8386 | 6802 0000 | 0148 8bd3 | 488b f048 | 8984 2408 
  0x0000719571021fa8: 0100 000f 

  0x0000719571021fac: ;   {optimized virtual_call}
  0x0000719571021fac: 1f40 00e8 

  0x0000719571021fb0: ; ImmutableOopMap {[264]=Oop }
                      ;*invokespecial <init> {reexecute=0 rethrow=0 return_oop=0}
                      ; - jdk.internal.reflect.DirectMethodHandleAccessor::invoke@78
  0x0000719571021fb0: 2c47 3207 

  0x0000719571021fb4: ;   {post_call_nop}
  0x0000719571021fb4: 0f1f 8400 | ac17 0012 | 488b 8424 | 0801 0000 | e9bf 0400 | 0049 8b87 | e005 0000 | 4d33 d24d 
  0x0000719571021fd4: 8997 e005 | 0000 4d33 | d24d 8997 | e805 0000 | 488b d890 

  0x0000719571021fe8: ;   {metadata('java/lang/reflect/InvocationTargetException')}
  0x0000719571021fe8: 48ba a054 | 0d4e 0000 | 0000 80ba | 3001 0000 | 040f 855f | 0400 0049 | 8b87 c801 | 0000 488d 
  0x0000719571022008: 7828 493b | bfd8 0100 | 000f 8747 | 0400 0049 | 89bf c801 | 0000 48c7 | 0001 0000 | 0048 8bca 
  0x0000719571022028: 8948 0848 | 33c9 8948 | 0c48 33c9 | 4889 4810 | 4889 4818 | 4889 4820 

  0x0000719571022040: ;   {metadata(method data for {method} {0x000071954c469e10} 'invoke' '(Ljava/lang/Object;[Ljava/lang/Object;)Ljava/lang/Object;' in 'jdk/internal/reflect/DirectMethodHandleAccessor')}
  0x0000719571022040: 488b d048 | be78 37d1 | 4c95 7100 | 0048 8386 | 7802 0000 | 0148 8bd3 | 488b f048 | 8984 2410 
  0x0000719571022060: 0100 000f 

  0x0000719571022064: ;   {optimized virtual_call}
  0x0000719571022064: 1f40 00e8 

  0x0000719571022068: ; ImmutableOopMap {[272]=Oop }
                      ;*invokespecial <init> {reexecute=0 rethrow=0 return_oop=0}
                      ; - jdk.internal.reflect.DirectMethodHandleAccessor::invoke@88
  0x0000719571022068: a104 0000 

  0x000071957102206c: ;   {post_call_nop}
  0x000071957102206c: 0f1f 8400 | 6418 0013 | 488b 8424 | 1001 0000 | e907 0400 

  0x0000719571022080: ;   {metadata({method} {0x000071954c469e10} 'invoke' '(Ljava/lang/Object;[Ljava/lang/Object;)Ljava/lang/Object;' in 'jdk/internal/reflect/DirectMethodHandleAccessor')}
  0x0000719571022080: 0049 ba10 | 9e46 4c95 | 7100 004c | 8954 2408 | 48c7 0424 | ffff ffff 

  0x0000719571022098: ;   {runtime_call C1 Runtime counter_overflow_blob}
  0x0000719571022098: e843 3d3f 

  0x000071957102209c: ; ImmutableOopMap {rsi=Oop rdx=Oop rcx=Oop [168]=Oop [184]=Oop }
                      ;*synchronization entry
                      ; - jdk.internal.reflect.DirectMethodHandleAccessor::invoke@-1
  0x000071957102209c: 07e9 d4e8 

  0x00007195710220a0: ;   {metadata({method} {0x000071954c46a320} 'isStatic' '()Z' in 'jdk/internal/reflect/DirectMethodHandleAccessor')}
  0x00007195710220a0: ffff 49ba | 20a3 464c | 9571 0000 | 4c89 5424 | 0848 c704 | 24ff ffff 

  0x00007195710220b8: ;   {runtime_call C1 Runtime counter_overflow_blob}
  0x00007195710220b8: ffe8 223d 

  0x00007195710220bc: ; ImmutableOopMap {rsi=Oop rdx=Oop rcx=Oop [168]=Oop [184]=Oop }
                      ;*synchronization entry
                      ; - jdk.internal.reflect.DirectMethodHandleAccessor::isStatic@-1
                      ; - jdk.internal.reflect.DirectMethodHandleAccessor::invoke@1
  0x00007195710220bc: 3f07 e9ef 

  0x00007195710220c0: ;   {metadata({method} {0x000071954c46a0e8} 'invokeImpl' '(Ljava/lang/Object;[Ljava/lang/Object;)Ljava/lang/Object;' in 'jdk/internal/reflect/DirectMethodHandleAccessor')}
  0x00007195710220c0: e8ff ff49 | bae8 a046 | 4c95 7100 | 004c 8954 | 2408 48c7 | 0424 ffff 

  0x00007195710220d8: ;   {runtime_call C1 Runtime counter_overflow_blob}
  0x00007195710220d8: ffff e801 

  0x00007195710220dc: ; ImmutableOopMap {rsi=Oop [168]=Oop [176]=Oop [184]=Oop }
                      ;*synchronization entry
                      ; - jdk.internal.reflect.DirectMethodHandleAccessor::invokeImpl@-1
                      ; - jdk.internal.reflect.DirectMethodHandleAccessor::invoke@23
  0x00007195710220dc: 3d3f 07e9 | 04ea ffff | 49b8 0000 | 0000 0000 | 0000 b800 

  0x00007195710220f0: ;   {runtime_call C1 Runtime load_appendix_patching_blob}
  0x00007195710220f0: 0f05 0ae8 

  0x00007195710220f4: ; ImmutableOopMap {rsi=Oop rdx=Oop rcx=Oop rdi=Oop [168]=Oop [184]=Oop }
                      ;*invokevirtual invokeExact {reexecute=1 rethrow=0 return_oop=0}
                      ; - (reexecute) jdk.internal.reflect.DirectMethodHandleAccessor::invokeImpl@104
                      ; - jdk.internal.reflect.DirectMethodHandleAccessor::invoke@23
  0x00007195710220f4: e835 3f07 | e98b eaff 

  0x00007195710220fc: ;   {runtime_call C1 Runtime throw_null_pointer_exception_blob}
  0x00007195710220fc: ffe8 deea 

  0x0000719571022100: ; ImmutableOopMap {rsi=Oop rdx=Oop rcx=Oop rdi=Oop r8=Oop [168]=Oop [184]=Oop }
                      ;*invokevirtual invokeExact {reexecute=0 rethrow=0 return_oop=0}
                      ; - jdk.internal.reflect.DirectMethodHandleAccessor::invokeImpl@104
                      ; - jdk.internal.reflect.DirectMethodHandleAccessor::invoke@23
                      ;   {internal_word}
  0x0000719571022100: 3e07 49ba | 3e0d 0271 | 9571 0000 | 4d89 9738 

  0x0000719571022110: ;   {runtime_call SafepointBlob}
  0x0000719571022110: 0500 00e9 | 4867 3207 

  0x0000719571022118: ;   {runtime_call C1 Runtime throw_null_pointer_exception_blob}
  0x0000719571022118: e8c3 ea3e 

  0x000071957102211c: ; ImmutableOopMap {rsi=Oop rdx=Oop rcx=Oop rbx=Oop [168]=Oop [184]=Oop }
                      ;*aaload {reexecute=0 rethrow=0 return_oop=0}
                      ; - jdk.internal.reflect.DirectMethodHandleAccessor::invokeImpl@85
                      ; - jdk.internal.reflect.DirectMethodHandleAccessor::invoke@23
                      ;   {runtime_call C1 Runtime throw_null_pointer_exception_blob}
  0x000071957102211c: 07e8 beea 

  0x0000719571022120: ; ImmutableOopMap {rsi=Oop rdx=Oop rcx=Oop rbx=Oop [168]=Oop [184]=Oop }
                      ;*aaload {reexecute=0 rethrow=0 return_oop=0}
                      ; - jdk.internal.reflect.DirectMethodHandleAccessor::invokeImpl@85
                      ; - jdk.internal.reflect.DirectMethodHandleAccessor::invoke@23
  0x0000719571022120: 3e07 48c7 | 0424 0000 | 0000 4889 

  0x000071957102212c: ;   {runtime_call C1 Runtime throw_range_check_failed_blob}
  0x000071957102212c: 4c24 08e8 

  0x0000719571022130: ; ImmutableOopMap {rsi=Oop rdx=Oop rcx=Oop rbx=Oop [168]=Oop [184]=Oop }
                      ;*aaload {reexecute=0 rethrow=0 return_oop=0}
                      ; - jdk.internal.reflect.DirectMethodHandleAccessor::invokeImpl@85
                      ; - jdk.internal.reflect.DirectMethodHandleAccessor::invoke@23
  0x0000719571022130: ace1 3e07 | 48c7 0424 | 0100 0000 | 4889 4c24 

  0x0000719571022140: ;   {runtime_call C1 Runtime throw_range_check_failed_blob}
  0x0000719571022140: 08e8 9ae1 

  0x0000719571022144: ; ImmutableOopMap {rsi=Oop rdx=Oop rcx=Oop rbx=Oop r8=Oop [168]=Oop [184]=Oop }
                      ;*aaload {reexecute=0 rethrow=0 return_oop=0}
                      ; - jdk.internal.reflect.DirectMethodHandleAccessor::invokeImpl@88
                      ; - jdk.internal.reflect.DirectMethodHandleAccessor::invoke@23
  0x0000719571022144: 3e07 48c7 | 0424 0200 | 0000 4889 

  0x0000719571022150: ;   {runtime_call C1 Runtime throw_range_check_failed_blob}
  0x0000719571022150: 4c24 08e8 

  0x0000719571022154: ; ImmutableOopMap {rsi=Oop rdx=Oop rcx=Oop rbx=Oop r8=Oop r9=Oop [168]=Oop [184]=Oop }
                      ;*aaload {reexecute=0 rethrow=0 return_oop=0}
                      ; - jdk.internal.reflect.DirectMethodHandleAccessor::invokeImpl@91
                      ; - jdk.internal.reflect.DirectMethodHandleAccessor::invoke@23
  0x0000719571022154: 88e1 3e07 | 48b8 3002 | 14c0 0000 | 0000 b800 

  0x0000719571022164: ;   {runtime_call C1 Runtime load_appendix_patching_blob}
  0x0000719571022164: 0f05 0ae8 

  0x0000719571022168: ; ImmutableOopMap {rsi=Oop rdx=Oop rbx=Oop r8=Oop r9=Oop rdi=Oop [168]=Oop [184]=Oop }
                      ;*invokevirtual invokeExact {reexecute=1 rethrow=0 return_oop=0}
                      ; - (reexecute) jdk.internal.reflect.DirectMethodHandleAccessor::invokeImpl@92
                      ; - jdk.internal.reflect.DirectMethodHandleAccessor::invoke@23
  0x0000719571022168: 7435 3f07 | e917 ecff 

  0x0000719571022170: ;   {runtime_call C1 Runtime throw_null_pointer_exception_blob}
  0x0000719571022170: ffe8 6aea 

  0x0000719571022174: ; ImmutableOopMap {rsi=Oop rdx=Oop rbx=Oop r8=Oop r9=Oop rdi=Oop rax=Oop [168]=Oop [184]=Oop }
                      ;*invokevirtual invokeExact {reexecute=0 rethrow=0 return_oop=0}
                      ; - jdk.internal.reflect.DirectMethodHandleAccessor::invokeImpl@92
                      ; - jdk.internal.reflect.DirectMethodHandleAccessor::invoke@23
                      ;   {internal_word}
  0x0000719571022174: 3e07 49ba | 5f0f 0271 | 9571 0000 | 4d89 9738 

  0x0000719571022184: ;   {runtime_call SafepointBlob}
  0x0000719571022184: 0500 00e9 | d466 3207 

  0x000071957102218c: ;   {runtime_call C1 Runtime throw_null_pointer_exception_blob}
  0x000071957102218c: e84f ea3e 

  0x0000719571022190: ; ImmutableOopMap {rsi=Oop rcx=Oop rdx=Oop rdi=Oop [168]=Oop [184]=Oop [200]=Oop }
                      ;*aaload {reexecute=0 rethrow=0 return_oop=0}
                      ; - jdk.internal.reflect.DirectMethodHandleAccessor::invokeImpl@68
                      ; - jdk.internal.reflect.DirectMethodHandleAccessor::invoke@23
                      ;   {runtime_call C1 Runtime throw_null_pointer_exception_blob}
  0x0000719571022190: 07e8 4aea 

  0x0000719571022194: ; ImmutableOopMap {rsi=Oop rcx=Oop rdx=Oop rdi=Oop [168]=Oop [184]=Oop [200]=Oop }
                      ;*aaload {reexecute=0 rethrow=0 return_oop=0}
                      ; - jdk.internal.reflect.DirectMethodHandleAccessor::invokeImpl@68
                      ; - jdk.internal.reflect.DirectMethodHandleAccessor::invoke@23
  0x0000719571022194: 3e07 48c7 | 0424 0000 | 0000 4889 

  0x00007195710221a0: ;   {runtime_call C1 Runtime throw_range_check_failed_blob}
  0x00007195710221a0: 4c24 08e8 

  0x00007195710221a4: ; ImmutableOopMap {rsi=Oop rcx=Oop rdx=Oop rdi=Oop [168]=Oop [184]=Oop [200]=Oop }
                      ;*aaload {reexecute=0 rethrow=0 return_oop=0}
                      ; - jdk.internal.reflect.DirectMethodHandleAccessor::invokeImpl@68
                      ; - jdk.internal.reflect.DirectMethodHandleAccessor::invoke@23
  0x00007195710221a4: 38e1 3e07 | 48c7 0424 | 0100 0000 | 4889 4c24 

  0x00007195710221b4: ;   {runtime_call C1 Runtime throw_range_check_failed_blob}
  0x00007195710221b4: 08e8 26e1 

  0x00007195710221b8: ; ImmutableOopMap {rsi=Oop rcx=Oop rdx=Oop rdi=Oop rbx=Oop [168]=Oop [184]=Oop [192]=Oop [200]=Oop }
                      ;*aaload {reexecute=0 rethrow=0 return_oop=0}
                      ; - jdk.internal.reflect.DirectMethodHandleAccessor::invokeImpl@71
                      ; - jdk.internal.reflect.DirectMethodHandleAccessor::invoke@23
                      ;   {metadata({method} {0x000071954cb19ab0} 'invokeExact_MT' '(Ljava/lang/Object;Ljava/lang/Object;Ljava/lang/Object;Ljava/lang/Object;Ljava/lang/Object;)Ljava/lang/Object;' in 'java/lang/invoke/LambdaForm$MH+0x000000004e146c00')}
  0x00007195710221b8: 3e07 49ba | b09a b14c | 9571 0000 | 4c89 5424 | 0848 c704 | 24ff ffff 

  0x00007195710221d0: ;   {runtime_call C1 Runtime counter_overflow_blob}
  0x00007195710221d0: ffe8 0a3c 

  0x00007195710221d4: ; ImmutableOopMap {rsi=Oop rdx=Oop rdi=Oop rbx=Oop rax=Oop [168]=Oop [184]=Oop [192]=Oop [200]=Oop [208]=Oop }
                      ;*synchronization entry
                      ; - java.lang.invoke.LambdaForm$MH/0x000000004e146c00::invokeExact_MT@-1
                      ; - jdk.internal.reflect.DirectMethodHandleAccessor::invokeImpl@72
                      ; - jdk.internal.reflect.DirectMethodHandleAccessor::invoke@23
  0x00007195710221d4: 3f07 e923 

  0x00007195710221d8: ;   {metadata({method} {0x000071954c36db88} 'checkExactType' '(Ljava/lang/invoke/MethodHandle;Ljava/lang/invoke/MethodType;)V' in 'java/lang/invoke/Invokers')}
  0x00007195710221d8: efff ff49 | ba88 db36 | 4c95 7100 | 004c 8954 | 2408 48c7 | 0424 ffff 

  0x00007195710221f0: ;   {runtime_call C1 Runtime counter_overflow_blob}
  0x00007195710221f0: ffff e8e9 

  0x00007195710221f4: ; ImmutableOopMap {rsi=Oop rdx=Oop rdi=Oop rbx=Oop rax=Oop [168]=Oop [184]=Oop [192]=Oop [200]=Oop [208]=Oop }
                      ;*synchronization entry
                      ; - java.lang.invoke.Invokers::checkExactType@-1
                      ; - java.lang.invoke.LambdaForm$MH/0x000000004e146c00::invokeExact_MT@11
                      ; - jdk.internal.reflect.DirectMethodHandleAccessor::invokeImpl@72
                      ; - jdk.internal.reflect.DirectMethodHandleAccessor::invoke@23
  0x00007195710221f4: 3b3f 07e9 | a3ef ffff 

  0x00007195710221fc: ;   {runtime_call C1 Runtime throw_null_pointer_exception_blob}
  0x00007195710221fc: e8df e93e 

  0x0000719571022200: ; ImmutableOopMap {rsi=Oop rdx=Oop rdi=Oop rbx=Oop rax=Oop [168]=Oop [184]=Oop [192]=Oop [200]=Oop [208]=Oop }
                      ;*invokevirtual type {reexecute=0 rethrow=0 return_oop=0}
                      ; - java.lang.invoke.Invokers::checkExactType@1
                      ; - java.lang.invoke.LambdaForm$MH/0x000000004e146c00::invokeExact_MT@11
                      ; - jdk.internal.reflect.DirectMethodHandleAccessor::invokeImpl@72
                      ; - jdk.internal.reflect.DirectMethodHandleAccessor::invoke@23
                      ;   {metadata({method} {0x000071954c36e1d0} 'checkCustomized' '(Ljava/lang/invoke/MethodHandle;)V' in 'java/lang/invoke/Invokers')}
  0x0000719571022200: 0749 bad0 | e136 4c95 | 7100 004c | 8954 2408 | 48c7 0424 | ffff ffff 

  0x0000719571022218: ;   {runtime_call C1 Runtime counter_overflow_blob}
  0x0000719571022218: e8c3 3b3f 

  0x000071957102221c: ; ImmutableOopMap {rsi=Oop rdx=Oop rdi=Oop rbx=Oop rax=Oop [168]=Oop [184]=Oop [192]=Oop [200]=Oop [208]=Oop }
                      ;*synchronization entry
                      ; - java.lang.invoke.Invokers::checkCustomized@-1
                      ; - java.lang.invoke.LambdaForm$MH/0x000000004e146c00::invokeExact_MT@15
                      ; - jdk.internal.reflect.DirectMethodHandleAccessor::invokeImpl@72
                      ; - jdk.internal.reflect.DirectMethodHandleAccessor::invoke@23
  0x000071957102221c: 07e9 cef0 

  0x0000719571022220: ;   {metadata({method} {0x000071954c08fb80} 'isCompileConstant' '(Ljava/lang/Object;)Z' in 'java/lang/invoke/MethodHandleImpl')}
  0x0000719571022220: ffff 49ba | 80fb 084c | 9571 0000 | 4c89 5424 | 0848 c704 | 24ff ffff 

  0x0000719571022238: ;   {runtime_call C1 Runtime counter_overflow_blob}
  0x0000719571022238: ffe8 a23b 

  0x000071957102223c: ; ImmutableOopMap {rsi=Oop rdx=Oop rdi=Oop rbx=Oop rax=Oop [168]=Oop [184]=Oop [192]=Oop [200]=Oop [208]=Oop }
                      ;*synchronization entry
                      ; - java.lang.invoke.MethodHandleImpl::isCompileConstant@-1
                      ; - java.lang.invoke.Invokers::checkCustomized@1
                      ; - java.lang.invoke.LambdaForm$MH/0x000000004e146c00::invokeExact_MT@15
                      ; - jdk.internal.reflect.DirectMethodHandleAccessor::invokeImpl@72
                      ; - jdk.internal.reflect.DirectMethodHandleAccessor::invoke@23
  0x000071957102223c: 3f07 e9eb 

  0x0000719571022240: ;   {runtime_call C1 Runtime throw_null_pointer_exception_blob}
  0x0000719571022240: f0ff ffe8 

  0x0000719571022244: ; ImmutableOopMap {rsi=Oop rdx=Oop rdi=Oop rbx=Oop rax=Oop [168]=Oop [184]=Oop [192]=Oop [200]=Oop [208]=Oop }
                      ;*getfield customized {reexecute=1 rethrow=0 return_oop=0}
                      ; - (reexecute) java.lang.invoke.Invokers::checkCustomized@12
                      ; - java.lang.invoke.LambdaForm$MH/0x000000004e146c00::invokeExact_MT@15
                      ; - jdk.internal.reflect.DirectMethodHandleAccessor::invokeImpl@72
                      ; - jdk.internal.reflect.DirectMethodHandleAccessor::invoke@23
  0x0000719571022244: 98e9 3e07 

  0x0000719571022248: ;   {internal_word}
  0x0000719571022248: 49ba d015 | 0271 9571 | 0000 4d89 | 9738 0500 

  0x0000719571022258: ;   {runtime_call SafepointBlob}
  0x0000719571022258: 00e9 0266 

  0x000071957102225c: ;   {runtime_call C1 Runtime throw_null_pointer_exception_blob}
  0x000071957102225c: 3207 e87d 

  0x0000719571022260: ; ImmutableOopMap {rsi=Oop rcx=Oop rdx=Oop rdi=Oop [168]=Oop [184]=Oop }
                      ;*aaload {reexecute=0 rethrow=0 return_oop=0}
                      ; - jdk.internal.reflect.DirectMethodHandleAccessor::invokeImpl@54
                      ; - jdk.internal.reflect.DirectMethodHandleAccessor::invoke@23
                      ;   {runtime_call C1 Runtime throw_null_pointer_exception_blob}
  0x0000719571022260: e93e 07e8 

  0x0000719571022264: ; ImmutableOopMap {rsi=Oop rcx=Oop rdx=Oop rdi=Oop [168]=Oop [184]=Oop }
                      ;*aaload {reexecute=0 rethrow=0 return_oop=0}
                      ; - jdk.internal.reflect.DirectMethodHandleAccessor::invokeImpl@54
                      ; - jdk.internal.reflect.DirectMethodHandleAccessor::invoke@23
  0x0000719571022264: 78e9 3e07 | 48c7 0424 | 0000 0000 | 4889 4c24 

  0x0000719571022274: ;   {runtime_call C1 Runtime throw_range_check_failed_blob}
  0x0000719571022274: 08e8 66e0 

  0x0000719571022278: ; ImmutableOopMap {rsi=Oop rcx=Oop rdx=Oop rdi=Oop [168]=Oop [184]=Oop }
                      ;*aaload {reexecute=0 rethrow=0 return_oop=0}
                      ; - jdk.internal.reflect.DirectMethodHandleAccessor::invokeImpl@54
                      ; - jdk.internal.reflect.DirectMethodHandleAccessor::invoke@23
  0x0000719571022278: 3e07 49b8 | 48d0 f5c3 | 0000 0000 | b800 0f05 

  0x0000719571022288: ;   {runtime_call C1 Runtime load_appendix_patching_blob}
  0x0000719571022288: 0ae8 5234 

  0x000071957102228c: ; ImmutableOopMap {rsi=Oop rdx=Oop rdi=Oop rcx=Oop [168]=Oop [184]=Oop }
                      ;*invokevirtual invokeExact {reexecute=1 rethrow=0 return_oop=0}
                      ; - (reexecute) jdk.internal.reflect.DirectMethodHandleAccessor::invokeImpl@55
                      ; - jdk.internal.reflect.DirectMethodHandleAccessor::invoke@23
  0x000071957102228c: 3f07 e96d 

  0x0000719571022290: ;   {runtime_call C1 Runtime throw_null_pointer_exception_blob}
  0x0000719571022290: f3ff ffe8 

  0x0000719571022294: ; ImmutableOopMap {rsi=Oop rdx=Oop rdi=Oop rcx=Oop r8=Oop [168]=Oop [184]=Oop }
                      ;*invokevirtual invokeExact {reexecute=0 rethrow=0 return_oop=0}
                      ; - jdk.internal.reflect.DirectMethodHandleAccessor::invokeImpl@55
                      ; - jdk.internal.reflect.DirectMethodHandleAccessor::invoke@23
  0x0000719571022294: 48e9 3e07 

  0x0000719571022298: ;   {internal_word}
  0x0000719571022298: 49ba c717 | 0271 9571 | 0000 4d89 | 9738 0500 

  0x00007195710222a8: ;   {runtime_call SafepointBlob}
  0x00007195710222a8: 00e9 b265 

  0x00007195710222ac: ;   {metadata({method} {0x000071954c3c5410} 'invokeExact_MT' '(Ljava/lang/Object;Ljava/lang/Object;Ljava/lang/Object;)Ljava/lang/Object;' in 'java/lang/invoke/Invokers$Holder')}
  0x00007195710222ac: 3207 49ba | 1054 3c4c | 9571 0000 | 4c89 5424 | 0848 c704 | 24ff ffff 

  0x00007195710222c4: ;   {runtime_call C1 Runtime counter_overflow_blob}
  0x00007195710222c4: ffe8 163b 

  0x00007195710222c8: ; ImmutableOopMap {rsi=Oop rdx=Oop rdi=Oop [168]=Oop [184]=Oop [216]=Oop }
                      ;*synchronization entry
                      ; - java.lang.invoke.Invokers$Holder::invokeExact_MT@-1
                      ; - jdk.internal.reflect.DirectMethodHandleAccessor::invokeImpl@41
                      ; - jdk.internal.reflect.DirectMethodHandleAccessor::invoke@23
  0x00007195710222c8: 3f07 e990 

  0x00007195710222cc: ;   {metadata({method} {0x000071954c36db88} 'checkExactType' '(Ljava/lang/invoke/MethodHandle;Ljava/lang/invoke/MethodType;)V' in 'java/lang/invoke/Invokers')}
  0x00007195710222cc: f5ff ff49 | ba88 db36 | 4c95 7100 | 004c 8954 | 2408 48c7 | 0424 ffff 

  0x00007195710222e4: ;   {runtime_call C1 Runtime counter_overflow_blob}
  0x00007195710222e4: ffff e8f5 

  0x00007195710222e8: ; ImmutableOopMap {rsi=Oop rdx=Oop rdi=Oop [168]=Oop [184]=Oop [216]=Oop }
                      ;*synchronization entry
                      ; - java.lang.invoke.Invokers::checkExactType@-1
                      ; - java.lang.invoke.Invokers$Holder::invokeExact_MT@10
                      ; - jdk.internal.reflect.DirectMethodHandleAccessor::invokeImpl@41
                      ; - jdk.internal.reflect.DirectMethodHandleAccessor::invoke@23
  0x00007195710222e8: 3a3f 07e9 | c9f5 ffff 

  0x00007195710222f0: ;   {runtime_call C1 Runtime throw_null_pointer_exception_blob}
  0x00007195710222f0: e8eb e83e 

  0x00007195710222f4: ; ImmutableOopMap {rsi=Oop rdx=Oop rdi=Oop [168]=Oop [184]=Oop [216]=Oop }
                      ;*invokevirtual type {reexecute=0 rethrow=0 return_oop=0}
                      ; - java.lang.invoke.Invokers::checkExactType@1
                      ; - java.lang.invoke.Invokers$Holder::invokeExact_MT@10
                      ; - jdk.internal.reflect.DirectMethodHandleAccessor::invokeImpl@41
                      ; - jdk.internal.reflect.DirectMethodHandleAccessor::invoke@23
                      ;   {metadata({method} {0x000071954c36e1d0} 'checkCustomized' '(Ljava/lang/invoke/MethodHandle;)V' in 'java/lang/invoke/Invokers')}
  0x00007195710222f4: 0749 bad0 | e136 4c95 | 7100 004c | 8954 2408 | 48c7 0424 | ffff ffff 

  0x000071957102230c: ;   {runtime_call C1 Runtime counter_overflow_blob}
  0x000071957102230c: e8cf 3a3f 

  0x0000719571022310: ; ImmutableOopMap {rsi=Oop rdx=Oop rdi=Oop [168]=Oop [184]=Oop [216]=Oop }
                      ;*synchronization entry
                      ; - java.lang.invoke.Invokers::checkCustomized@-1
                      ; - java.lang.invoke.Invokers$Holder::invokeExact_MT@14
                      ; - jdk.internal.reflect.DirectMethodHandleAccessor::invokeImpl@41
                      ; - jdk.internal.reflect.DirectMethodHandleAccessor::invoke@23
  0x0000719571022310: 07e9 9cf6 

  0x0000719571022314: ;   {metadata({method} {0x000071954c08fb80} 'isCompileConstant' '(Ljava/lang/Object;)Z' in 'java/lang/invoke/MethodHandleImpl')}
  0x0000719571022314: ffff 49ba | 80fb 084c | 9571 0000 | 4c89 5424 | 0848 c704 | 24ff ffff 

  0x000071957102232c: ;   {runtime_call C1 Runtime counter_overflow_blob}
  0x000071957102232c: ffe8 ae3a 

  0x0000719571022330: ; ImmutableOopMap {rsi=Oop rdx=Oop rdi=Oop [168]=Oop [184]=Oop [216]=Oop }
                      ;*synchronization entry
                      ; - java.lang.invoke.MethodHandleImpl::isCompileConstant@-1
                      ; - java.lang.invoke.Invokers::checkCustomized@1
                      ; - java.lang.invoke.Invokers$Holder::invokeExact_MT@14
                      ; - jdk.internal.reflect.DirectMethodHandleAccessor::invokeImpl@41
                      ; - jdk.internal.reflect.DirectMethodHandleAccessor::invoke@23
  0x0000719571022330: 3f07 e9b3 

  0x0000719571022334: ;   {runtime_call C1 Runtime throw_null_pointer_exception_blob}
  0x0000719571022334: f6ff ffe8 

  0x0000719571022338: ; ImmutableOopMap {rsi=Oop rdx=Oop rdi=Oop [168]=Oop [184]=Oop [216]=Oop }
                      ;*getfield customized {reexecute=1 rethrow=0 return_oop=0}
                      ; - (reexecute) java.lang.invoke.Invokers::checkCustomized@12
                      ; - java.lang.invoke.Invokers$Holder::invokeExact_MT@14
                      ; - jdk.internal.reflect.DirectMethodHandleAccessor::invokeImpl@41
                      ; - jdk.internal.reflect.DirectMethodHandleAccessor::invoke@23
  0x0000719571022338: a4e8 3e07 

  0x000071957102233c: ;   {internal_word}
  0x000071957102233c: 49ba 541b | 0271 9571 | 0000 4d89 | 9738 0500 

  0x000071957102234c: ;   {runtime_call SafepointBlob}
  0x000071957102234c: 00e9 0e65 

  0x0000719571022350: ;   {runtime_call C1 Runtime throw_null_pointer_exception_blob}
  0x0000719571022350: 3207 e889 

  0x0000719571022354: ; ImmutableOopMap {rax=Oop [168]=Oop [184]=Oop [216]=Oop }
                      ;*athrow {reexecute=1 rethrow=0 return_oop=0}
                      ; - (reexecute) java.lang.invoke.Invokers::checkExactType@15
                      ; - java.lang.invoke.Invokers$Holder::invokeExact_MT@10
                      ; - jdk.internal.reflect.DirectMethodHandleAccessor::invokeImpl@41
                      ; - jdk.internal.reflect.DirectMethodHandleAccessor::invoke@23
                      ;   {runtime_call C1 Runtime throw_null_pointer_exception_blob}
  0x0000719571022354: e83e 07e8 

  0x0000719571022358: ; ImmutableOopMap {rax=Oop [168]=Oop [184]=Oop [192]=Oop [200]=Oop [208]=Oop }
                      ;*athrow {reexecute=1 rethrow=0 return_oop=0}
                      ; - (reexecute) java.lang.invoke.Invokers::checkExactType@15
                      ; - java.lang.invoke.LambdaForm$MH/0x000000004e146c00::invokeExact_MT@11
                      ; - jdk.internal.reflect.DirectMethodHandleAccessor::invokeImpl@72
                      ; - jdk.internal.reflect.DirectMethodHandleAccessor::invoke@23
  0x0000719571022358: 84e8 3e07 

  0x000071957102235c: ;   {metadata({method} {0x000071954c46a480} 'isIllegalArgument' '(Ljava/lang/RuntimeException;)Z' in 'jdk/internal/reflect/DirectMethodHandleAccessor')}
  0x000071957102235c: 49ba 80a4 | 464c 9571 | 0000 4c89 | 5424 0848 | c704 24ff 

  0x0000719571022370: ;   {runtime_call C1 Runtime counter_overflow_blob}
  0x0000719571022370: ffff ffe8 

  0x0000719571022374: ; ImmutableOopMap {rax=Oop }
                      ;*synchronization entry
                      ; - jdk.internal.reflect.DirectMethodHandleAccessor::isIllegalArgument@-1
                      ; - jdk.internal.reflect.DirectMethodHandleAccessor::invoke@58
  0x0000719571022374: 683a 3f07 | e9c6 f8ff 

  0x000071957102237c: ;   {metadata({method} {0x000071954c46a480} 'isIllegalArgument' '(Ljava/lang/RuntimeException;)Z' in 'jdk/internal/reflect/DirectMethodHandleAccessor')}
  0x000071957102237c: ff49 ba80 | a446 4c95 | 7100 004c | 8954 2408 | 48c7 0424 | ffff ffff 

  0x0000719571022394: ;   {runtime_call C1 Runtime counter_overflow_blob}
  0x0000719571022394: e847 3a3f 

  0x0000719571022398: ; ImmutableOopMap {rax=Oop }
                      ;*synchronization entry
                      ; - jdk.internal.reflect.DirectMethodHandleAccessor::isIllegalArgument@-1
                      ; - jdk.internal.reflect.DirectMethodHandleAccessor::invoke@30
  0x0000719571022398: 07e9 5cf9 

  0x000071957102239c: ;   {metadata(nullptr)}
  0x000071957102239c: ffff 48ba | 0000 0000 | 0000 0000 | b800 0f05 

  0x00007195710223ac: ;   {runtime_call C1 Runtime load_klass_patching_blob}
  0x00007195710223ac: 0ae8 2e2b 

  0x00007195710223b0: ; ImmutableOopMap {}
                      ;*new {reexecute=1 rethrow=0 return_oop=0}
                      ; - (reexecute) jdk.internal.reflect.DirectMethodHandleAccessor::invoke@36
  0x00007195710223b0: 3f07 e999 | f9ff ff48 

  0x00007195710223b8: ;   {runtime_call C1 Runtime fast_new_instance_blob}
  0x00007195710223b8: 8bd2 e821 

  0x00007195710223bc: ; ImmutableOopMap {}
                      ;*new {reexecute=0 rethrow=0 return_oop=0}
                      ; - jdk.internal.reflect.DirectMethodHandleAccessor::invoke@36
  0x00007195710223bc: f13e 07e9 | d7f9 ffff 

  0x00007195710223c4: ;   {metadata(nullptr)}
  0x00007195710223c4: 48ba 0000 | 0000 0000 | 0000 b800 

  0x00007195710223d0: ;   {runtime_call C1 Runtime load_klass_patching_blob}
  0x00007195710223d0: 0f05 0ae8 

  0x00007195710223d4: ; ImmutableOopMap {rbx=Oop }
                      ;*new {reexecute=1 rethrow=0 return_oop=0}
                      ; - (reexecute) jdk.internal.reflect.DirectMethodHandleAccessor::invoke@46
  0x00007195710223d4: 082b 3f07 | e913 faff 

  0x00007195710223dc: ;   {runtime_call C1 Runtime throw_null_pointer_exception_blob}
  0x00007195710223dc: ffe8 fee7 

  0x00007195710223e0: ; ImmutableOopMap {rbx=Oop }
                      ;*new {reexecute=0 rethrow=0 return_oop=0}
                      ; - jdk.internal.reflect.DirectMethodHandleAccessor::invoke@46
  0x00007195710223e0: 3e07 488b 

  0x00007195710223e4: ;   {runtime_call C1 Runtime fast_new_instance_init_check_blob}
  0x00007195710223e4: d2e8 f6f3 

  0x00007195710223e8: ; ImmutableOopMap {rbx=Oop }
                      ;*new {reexecute=0 rethrow=0 return_oop=0}
                      ; - jdk.internal.reflect.DirectMethodHandleAccessor::invoke@46
  0x00007195710223e8: 3e07 e959 

  0x00007195710223ec: ;   {metadata(nullptr)}
  0x00007195710223ec: faff ff48 | ba00 0000 | 0000 0000 | 00b8 000f 

  0x00007195710223fc: ;   {runtime_call C1 Runtime load_klass_patching_blob}
  0x00007195710223fc: 050a e8dd 

  0x0000719571022400: ; ImmutableOopMap {[224]=Oop }
                      ;*new {reexecute=1 rethrow=0 return_oop=0}
                      ; - (reexecute) jdk.internal.reflect.DirectMethodHandleAccessor::invoke@64
  0x0000719571022400: 2a3f 07e9 | 88fa ffff 

  0x0000719571022408: ;   {runtime_call C1 Runtime fast_new_instance_blob}
  0x0000719571022408: 488b d2e8 

  0x000071957102240c: ; ImmutableOopMap {[224]=Oop }
                      ;*new {reexecute=0 rethrow=0 return_oop=0}
                      ; - jdk.internal.reflect.DirectMethodHandleAccessor::invoke@64
  0x000071957102240c: d0f0 3e07 | e9c6 faff 

  0x0000719571022414: ;   {metadata(nullptr)}
  0x0000719571022414: ff48 ba00 | 0000 0000 | 0000 00b8 | 000f 050a 

  0x0000719571022424: ;   {runtime_call C1 Runtime load_klass_patching_blob}
  0x0000719571022424: e8b7 2a3f 

  0x0000719571022428: ; ImmutableOopMap {rbx=Oop }
                      ;*new {reexecute=1 rethrow=0 return_oop=0}
                      ; - (reexecute) jdk.internal.reflect.DirectMethodHandleAccessor::invoke@73
  0x0000719571022428: 07e9 02fb 

  0x000071957102242c: ;   {runtime_call C1 Runtime throw_null_pointer_exception_blob}
  0x000071957102242c: ffff e8ad 

  0x0000719571022430: ; ImmutableOopMap {rbx=Oop }
                      ;*new {reexecute=0 rethrow=0 return_oop=0}
                      ; - jdk.internal.reflect.DirectMethodHandleAccessor::invoke@73
  0x0000719571022430: e73e 0748 

  0x0000719571022434: ;   {runtime_call C1 Runtime fast_new_instance_init_check_blob}
  0x0000719571022434: 8bd2 e8a5 

  0x0000719571022438: ; ImmutableOopMap {rbx=Oop }
                      ;*new {reexecute=0 rethrow=0 return_oop=0}
                      ; - jdk.internal.reflect.DirectMethodHandleAccessor::invoke@73
  0x0000719571022438: f33e 07e9 | 48fb ffff 

  0x0000719571022440: ;   {metadata('java/lang/reflect/InvocationTargetException')}
  0x0000719571022440: 48ba a054 | 0d4e 0000 | 0000 b800 

  0x000071957102244c: ;   {runtime_call C1 Runtime load_klass_patching_blob}
  0x000071957102244c: 0f05 0ae8 

  0x0000719571022450: ; ImmutableOopMap {rbx=Oop }
                      ;*new {reexecute=1 rethrow=0 return_oop=0}
                      ; - (reexecute) jdk.internal.reflect.DirectMethodHandleAccessor::invoke@83
  0x0000719571022450: 8c2a 3f07 | e98f fbff 

  0x0000719571022458: ;   {runtime_call C1 Runtime throw_null_pointer_exception_blob}
  0x0000719571022458: ffe8 82e7 

  0x000071957102245c: ; ImmutableOopMap {rbx=Oop }
                      ;*new {reexecute=0 rethrow=0 return_oop=0}
                      ; - jdk.internal.reflect.DirectMethodHandleAccessor::invoke@83
  0x000071957102245c: 3e07 488b 

  0x0000719571022460: ;   {runtime_call C1 Runtime fast_new_instance_init_check_blob}
  0x0000719571022460: d2e8 7af3 

  0x0000719571022464: ; ImmutableOopMap {rbx=Oop }
                      ;*new {reexecute=0 rethrow=0 return_oop=0}
                      ; - jdk.internal.reflect.DirectMethodHandleAccessor::invoke@83
  0x0000719571022464: 3e07 e9d5 | fbff ff49 | 8b87 e005 | 0000 49c7 | 87e0 0500 | 0000 0000 | 0049 c787 | e805 0000 
  0x0000719571022484: 0000 0000 | 4881 c420 | 0100 005d 

  0x0000719571022490: ;   {runtime_call C1 Runtime unwind_exception_blob}
  0x0000719571022490: e94b d83e | 07f4 f4f4 
[Stub Code]
  0x0000719571022498: ;   {other}
  0x0000719571022498: 0f1f 4400 

  0x000071957102249c: ;   {static_stub}
  0x000071957102249c: 0048 bb00 | 0000 0000 

  0x00007195710224a4: ;   {runtime_call nmethod}
  0x00007195710224a4: 0000 00e9 | fbff ffff 

  0x00007195710224ac: ;   {static_stub}
  0x00007195710224ac: 9048 bbb0 | 4276 4e95 

  0x00007195710224b4: ;   {runtime_call I2C/C2I adapters}
  0x00007195710224b4: 7100 00e9 | 0a28 3207 

  0x00007195710224bc: ;   {static_stub}
  0x00007195710224bc: 9048 bba0 | 553c 4c95 

  0x00007195710224c4: ;   {runtime_call I2C/C2I adapters}
  0x00007195710224c4: 7100 00e9 | f297 3107 

  0x00007195710224cc: ;   {static_stub}
  0x00007195710224cc: 9048 bb00 | 0000 0000 

  0x00007195710224d4: ;   {runtime_call nmethod}
  0x00007195710224d4: 0000 00e9 | fbff ffff 

  0x00007195710224dc: ;   {static_stub}
  0x00007195710224dc: 9048 bb00 | 0000 0000 

  0x00007195710224e4: ;   {runtime_call nmethod}
  0x00007195710224e4: 0000 00e9 | fbff ffff 

  0x00007195710224ec: ;   {static_stub}
  0x00007195710224ec: 9048 bb00 | 0000 0000 

  0x00007195710224f4: ;   {runtime_call nmethod}
  0x00007195710224f4: 0000 00e9 | fbff ffff 

  0x00007195710224fc: ;   {static_stub}
  0x00007195710224fc: 9048 bb00 | 0000 0000 

  0x0000719571022504: ;   {runtime_call nmethod}
  0x0000719571022504: 0000 00e9 | fbff ffff 

  0x000071957102250c: ;   {static_stub}
  0x000071957102250c: 9048 bbe8 | 7752 4c95 

  0x0000719571022514: ;   {runtime_call I2C/C2I adapters}
  0x0000719571022514: 7100 00e9 | 1ab5 3207 

  0x000071957102251c: ;   {static_stub}
  0x000071957102251c: 48bb 0000 | 0000 0000 

  0x0000719571022524: ;   {runtime_call nmethod}
  0x0000719571022524: 0000 e9fb 

  0x0000719571022528: ;   {static_stub}
  0x0000719571022528: ffff ff48 | bb00 0000 | 0000 0000 

  0x0000719571022534: ;   {runtime_call nmethod}
  0x0000719571022534: 00e9 fbff 

  0x0000719571022538: ;   {static_stub}
  0x0000719571022538: ffff 48bb | 0000 0000 | 0000 0000 

  0x0000719571022544: ;   {runtime_call nmethod}
  0x0000719571022544: e9fb ffff 

  0x0000719571022548: ;   {static_stub}
  0x0000719571022548: ff48 bb00 | 0000 0000 

  0x0000719571022550: ;   {runtime_call nmethod}
  0x0000719571022550: 0000 00e9 | fbff ffff 

  0x0000719571022558: ;   {static_stub}
  0x0000719571022558: 48bb 0000 | 0000 0000 

  0x0000719571022560: ;   {runtime_call nmethod}
  0x0000719571022560: 0000 e9fb 

  0x0000719571022564: ;   {static_stub}
  0x0000719571022564: ffff ff48 | bb00 0000 | 0000 0000 

  0x0000719571022570: ;   {runtime_call nmethod}
  0x0000719571022570: 00e9 fbff 

  0x0000719571022574: ;   {static_stub}
  0x0000719571022574: ffff 48bb | 0000 0000 | 0000 0000 

  0x0000719571022580: ;   {runtime_call nmethod}
  0x0000719571022580: e9fb ffff 

  0x0000719571022584: ;   {static_stub}
  0x0000719571022584: ff48 bb00 | 0000 0000 

  0x000071957102258c: ;   {runtime_call nmethod}
  0x000071957102258c: 0000 00e9 | fbff ffff 
[Exception Handler]
  0x0000719571022594: ;   {runtime_call C1 Runtime handle_exception_from_callee_blob}
  0x0000719571022594: e847 043f 

  0x0000719571022598: ;   {external_word}
  0x0000719571022598: 0748 bf3c | 77d6 8995 | 7100 0048 

  0x00007195710225a4: ;   {runtime_call MacroAssembler::debug64(char*, long, long*)}
  0x00007195710225a4: 83e4 f0e8 | 1480 7118 

  0x00007195710225ac: ;   {section_word}
  0x00007195710225ac: f449 baad | 2502 7195 | 7100 0041 

  0x00007195710225b8: ;   {runtime_call DeoptimizationBlob}
  0x00007195710225b8: 52e9 a265 

  0x00007195710225bc: ;   {section_word}
  0x00007195710225bc: 3207 49ba | be25 0271 | 9571 0000 

  0x00007195710225c8: ;   {runtime_call DeoptimizationBlob}
  0x00007195710225c8: 4152 e991 | 6532 07f4 
[/MachCode]


Compiled method (c1) 10594 1171       3       java.lang.reflect.Method::invoke (108 bytes)
 total in heap  [0x000071957101b008,0x000071957101b7f8] = 2032
 main code      [0x000071957101b100,0x000071957101b768] = 1640
 stub code      [0x000071957101b768,0x000071957101b7f8] = 144
 mutable data [0x000071951c17f270,0x000071951c17f348] = 216
 relocation     [0x000071951c17f270,0x000071951c17f330] = 192
 metadata       [0x000071951c17f330,0x000071951c17f348] = 24
 immutable data [0x000071951c17f0b0,0x000071951c17f268] = 440
 dependencies   [0x000071951c17f0b0,0x000071951c17f0b8] = 8
 nul chk table  [0x000071951c17f0b8,0x000071951c17f0d8] = 32
 scopes pcs     [0x000071951c17f0d8,0x000071951c17f1a8] = 208
 scopes data    [0x000071951c17f1a8,0x000071951c17f268] = 192

[Constant Pool (empty)]

[MachCode]
[Instructions begin]
  0x000071957101b100: 6666 660f | 1f84 0000 | 0000 0066 | 6666 9066 | 6690 448b | 5608 443b 

  0x000071957101b118: ;   {runtime_call Shared Runtime ic_miss_blob}
  0x000071957101b118: 5008 0f85 | c0b2 3207 
[Verified Entry Point]
  0x000071957101b120: 8984 2400 | c0fe ff55 | 4881 ec80 | 0000 0090 | 4181 7f20 | 0700 0000 

  0x000071957101b138: ;   {runtime_call Stub::method_entry_barrier}
  0x000071957101b138: 7405 e8e1 | 2d31 0748 | 8974 2448 | 4889 5424 

  0x000071957101b148: ;   {metadata(method data for {method} {0x000071954c066808} 'invoke' '(Ljava/lang/Object;[Ljava/lang/Object;)Ljava/lang/Object;' in 'java/lang/reflect/Method')}
  0x000071957101b148: 5048 bfa8 | 2ed1 4c95 | 7100 008b | 9f90 0000 | 0083 c302 | 899f 9000 | 0000 81e3 | fe07 0000 
  0x000071957101b168: 85db 0f84 | 4f05 0000 | 4889 4c24 | 5848 8bfe 

  0x000071957101b178: ;   {metadata(method data for {method} {0x000071954c066808} 'invoke' '(Ljava/lang/Object;[Ljava/lang/Object;)Ljava/lang/Object;' in 'java/lang/reflect/Method')}
  0x000071957101b178: 48bb a82e | d14c 9571 | 0000 4883 | 83d8 0000 | 0001 488b | fe48 8bf7 | 0f1f 8000 

  0x000071957101b194: ;   {optimized virtual_call}
  0x000071957101b194: 0000 00e8 

  0x000071957101b198: ; ImmutableOopMap {[72]=Oop [80]=Oop [88]=Oop }
                      ;*invokevirtual isCallerSensitive {reexecute=0 rethrow=0 return_oop=0}
                      ; - java.lang.reflect.Method::invoke@1
  0x000071957101b198: 84f6 ffff 

  0x000071957101b19c: ;   {post_call_nop}
  0x000071957101b19c: 0f1f 8400 | 9401 0000 | 488b 7424 | 480f be7e 

  0x000071957101b1ac: ;   {metadata(method data for {method} {0x000071954c066808} 'invoke' '(Ljava/lang/Object;[Ljava/lang/Object;)Ljava/lang/Object;' in 'java/lang/reflect/Method')}
  0x000071957101b1ac: 0c85 ff48 | bfa8 2ed1 | 4c95 7100 | 00bb 0801 | 0000 7405 | bb18 0100 | 0048 8b14 | 1f48 8d52 
  0x000071957101b1cc: 0148 8914 | 1f0f 843d | 0000 0085 

  0x000071957101b1d8: ;   {metadata(method data for {method} {0x000071954c066808} 'invoke' '(Ljava/lang/Object;[Ljava/lang/Object;)Ljava/lang/Object;' in 'java/lang/reflect/Method')}
  0x000071957101b1d8: c048 bfa8 | 2ed1 4c95 | 7100 00bb | 3801 0000 | 7505 bb28 | 0100 0048 | 8b14 1f48 | 8d52 0148 
  0x000071957101b1f8: 8914 1f0f | 8513 0000 

  0x000071957101b200: ;   {oop(nullptr)}
  0x000071957101b200: 0048 bf00 | 0000 0000 | 0000 0089 | 4424 60e9 | 3000 0000 | 8944 2460 

  0x000071957101b218: ;   {metadata(method data for {method} {0x000071954c066808} 'invoke' '(Ljava/lang/Object;[Ljava/lang/Object;)Ljava/lang/Object;' in 'java/lang/reflect/Method')}
  0x000071957101b218: 48bf a82e | d14c 9571 | 0000 4883 | 8748 0100 | 0001 0f1f 

  0x000071957101b22c: ;   {static_call}
  0x000071957101b22c: 4400 00e8 

  0x000071957101b230: ; ImmutableOopMap {[72]=Oop [80]=Oop [88]=Oop }
                      ;*invokestatic getCallerClass {reexecute=0 rethrow=0 return_oop=0}
                      ; - java.lang.reflect.Method::invoke@19
  0x000071957101b230: 5cad a507 

  0x000071957101b234: ;   {post_call_nop}
  0x000071957101b234: 0f1f 8400 | 2c02 0001 | 488b f848 | 8b74 2448 | 0fbe 560c 

  0x000071957101b248: ;   {metadata(method data for {method} {0x000071954c066808} 'invoke' '(Ljava/lang/Object;[Ljava/lang/Object;)Ljava/lang/Object;' in 'java/lang/reflect/Method')}
  0x000071957101b248: 85d2 48ba | a82e d14c | 9571 0000 | b968 0100 | 0074 05b9 | 5801 0000 | 4c8b 040a | 4d8d 4001 
  0x000071957101b268: 4c89 040a | 0f84 0a00 | 0000 4889 | 7c24 68e9 | 2502 0000 | 8b4e 1c44 

  0x000071957101b280: ;   {metadata(method data for {method} {0x000071954c066808} 'invoke' '(Ljava/lang/Object;[Ljava/lang/Object;)Ljava/lang/Object;' in 'java/lang/reflect/Method')}
  0x000071957101b280: 8b4e 5048 | baa8 2ed1 | 4c95 7100 | 0048 8382 | 7801 0000 

  0x000071957101b294: ;   {metadata(method data for {method} {0x000071954c2703b0} 'isStatic' '(I)Z' in 'java/lang/reflect/Modifier')}
  0x000071957101b294: 0148 ba40 | f399 4c95 | 7100 0044 | 8b82 9000 | 0000 4183 | c002 4489 | 8290 0000 | 0041 81e0 
  0x000071957101b2b4: feff 1f00 | 4585 c00f | 841f 0400 | 0049 8bd1 | 83e2 0885 

  0x000071957101b2c8: ;   {metadata(method data for {method} {0x000071954c2703b0} 'isStatic' '(I)Z' in 'java/lang/reflect/Modifier')}
  0x000071957101b2c8: d248 ba40 | f399 4c95 | 7100 0041 | b8d8 0000 | 0074 0641 | b8e8 0000 | 004a 8b1c | 0248 8d5b 
  0x000071957101b2e8: 014a 891c | 020f 841a 

  0x000071957101b2f0: ;   {metadata(method data for {method} {0x000071954c2703b0} 'isStatic' '(I)Z' in 'java/lang/reflect/Modifier')}
  0x000071957101b2f0: 0000 0048 | ba40 f399 | 4c95 7100 | 00ff 82f8 | 0000 00ba | 0100 0000 | e905 0000 | 00ba 0000 
  0x000071957101b310: 0000 83e2 

  0x000071957101b314: ;   {metadata(method data for {method} {0x000071954c066808} 'invoke' '(Ljava/lang/Object;[Ljava/lang/Object;)Ljava/lang/Object;' in 'java/lang/reflect/Method')}
  0x000071957101b314: 0185 d248 | baa8 2ed1 | 4c95 7100 | 0041 b888 | 0100 0074 | 0641 b898 | 0100 004a | 8b1c 0248 
  0x000071957101b334: 8d5b 014a | 891c 020f | 841f 0000 

  0x000071957101b340: ;   {metadata(method data for {method} {0x000071954c066808} 'invoke' '(Ljava/lang/Object;[Ljava/lang/Object;)Ljava/lang/Object;' in 'java/lang/reflect/Method')}
  0x000071957101b340: 0048 baa8 | 2ed1 4c95 | 7100 00ff | 82a8 0100 

  0x000071957101b350: ;   {oop(nullptr)}
  0x000071957101b350: 0049 b800 | 0000 0000 | 0000 00e9 | 9a00 0000 | 488b 5424 | 5048 3b02 

  0x000071957101b368: ;   {metadata(method data for {method} {0x000071954c066808} 'invoke' '(Ljava/lang/Object;[Ljava/lang/Object;)Ljava/lang/Object;' in 'java/lang/reflect/Method')}
  0x000071957101b368: 4c8b c248 | bba8 2ed1 | 4c95 7100 | 0045 8b40 | 084c 3b83 | c801 0000 | 750d 4883 | 83d0 0100 
  0x000071957101b388: 0001 e960 | 0000 004c | 3b83 d801 | 0000 750d | 4883 83e0 | 0100 0001 | e94a 0000 | 0048 83bb 
  0x000071957101b3a8: c801 0000 | 0075 174c | 8983 c801 | 0000 48c7 | 83d0 0100 | 0001 0000 | 00e9 2900 | 0000 4883 
  0x000071957101b3c8: bbd8 0100 | 0000 7517 | 4c89 83d8 | 0100 0048 | c783 e001 | 0000 0100 | 0000 e908 | 0000 0048 
  0x000071957101b3e8: 8383 c001 | 0000 0144 | 8b42 084d | 8b40 704d | 8b00 488b 

  0x000071957101b3fc: ;   {metadata(method data for {method} {0x000071954c066808} 'invoke' '(Ljava/lang/Object;[Ljava/lang/Object;)Ljava/lang/Object;' in 'java/lang/reflect/Method')}
  0x000071957101b3fc: de48 b8a8 | 2ed1 4c95 | 7100 008b | 5b08 483b | 98f8 0100 | 0075 0d48 | 8380 0002 | 0000 01e9 
  0x000071957101b41c: 6000 0000 | 483b 9808 | 0200 0075 | 0d48 8380 | 1002 0000 | 01e9 4a00 | 0000 4883 | b8f8 0100 
  0x000071957101b43c: 0000 7517 | 4889 98f8 | 0100 0048 | c780 0002 | 0000 0100 | 0000 e929 | 0000 0048 | 83b8 0802 
  0x000071957101b45c: 0000 0075 | 1748 8998 | 0802 0000 | 48c7 8010 | 0200 0001 | 0000 00e9 | 0800 0000 | 4883 80f0 
  0x000071957101b47c: 0100 0001 | 488b d748 | 8bc6 488b | f048 897c 

  0x000071957101b48c: ;   {optimized virtual_call}
  0x000071957101b48c: 2468 90e8 

  0x000071957101b490: ; ImmutableOopMap {[72]=Oop [80]=Oop [88]=Oop [104]=Oop }
                      ;*invokevirtual checkAccess {reexecute=0 rethrow=0 return_oop=0}
                      ; - java.lang.reflect.Method::invoke@60
  0x000071957101b490: 0cc0 ffff 

  0x000071957101b494: ;   {post_call_nop}
  0x000071957101b494: 0f1f 8400 | 8c04 0002 | 488b 7424 | 488b 7e48 

  0x000071957101b4a4: ;   {metadata(method data for {method} {0x000071954c066808} 'invoke' '(Ljava/lang/Object;[Ljava/lang/Object;)Ljava/lang/Object;' in 'java/lang/reflect/Method')}
  0x000071957101b4a4: 4885 ff48 | bba8 2ed1 | 4c95 7100 | 00b8 2002 | 0000 7505 | b830 0200 | 0048 8b14 | 0348 8d52 
  0x000071957101b4c4: 0148 8914 | 030f 8528 | 0000 0048 

  0x000071957101b4d0: ;   {metadata(method data for {method} {0x000071954c066808} 'invoke' '(Ljava/lang/Object;[Ljava/lang/Object;)Ljava/lang/Object;' in 'java/lang/reflect/Method')}
  0x000071957101b4d0: 8bfe 48bb | a82e d14c | 9571 0000 | 4883 8340 | 0200 0001 

  0x000071957101b4e4: ;   {optimized virtual_call}
  0x000071957101b4e4: 6666 90e8 

  0x000071957101b4e8: ; ImmutableOopMap {[80]=Oop [88]=Oop [104]=Oop }
                      ;*invokevirtual acquireMethodAccessor {reexecute=0 rethrow=0 return_oop=0}
                      ; - java.lang.reflect.Method::invoke@75
  0x000071957101b4e8: cd02 0000 

  0x000071957101b4ec: ;   {post_call_nop}
  0x000071957101b4ec: 0f1f 8400 | e404 0003 | 488b f88b | 4424 6085 

  0x000071957101b4fc: ;   {metadata(method data for {method} {0x000071954c066808} 'invoke' '(Ljava/lang/Object;[Ljava/lang/Object;)Ljava/lang/Object;' in 'java/lang/reflect/Method')}
  0x000071957101b4fc: c048 baa8 | 2ed1 4c95 | 7100 00b9 | 7002 0000 | 7405 b980 | 0200 004c | 8b04 0a4d | 8d40 014c 
  0x000071957101b51c: 8904 0a0f | 84da 0000 | 004c 8b44 | 2468 483b | 0748 8bd7 

  0x000071957101b530: ;   {metadata(method data for {method} {0x000071954c066808} 'invoke' '(Ljava/lang/Object;[Ljava/lang/Object;)Ljava/lang/Object;' in 'java/lang/reflect/Method')}
  0x000071957101b530: 48b9 a82e | d14c 9571 | 0000 8b52 | 0848 3b91 | 9802 0000 | 750d 4883 | 81a0 0200 | 0001 e960 
  0x000071957101b550: 0000 0048 | 3b91 a802 | 0000 750d | 4883 81b0 | 0200 0001 | e94a 0000 | 0048 83b9 | 9802 0000 
  0x000071957101b570: 0075 1748 | 8991 9802 | 0000 48c7 | 81a0 0200 | 0001 0000 | 00e9 2900 | 0000 4883 | b9a8 0200 
  0x000071957101b590: 0000 7517 | 4889 91a8 | 0200 0048 | c781 b002 | 0000 0100 | 0000 e908 | 0000 0048 | 8381 9002 
  0x000071957101b5b0: 0000 0148 | 8b54 2450 | 488b 4c24 | 5848 8bf7 | 0f1f 4400 | 0048 b8d0 | f417 1c95 

  0x000071957101b5cc: ;   {virtual_call}
  0x000071957101b5cc: 7100 00e8 

  0x000071957101b5d0: ; ImmutableOopMap {}
                      ;*invokeinterface invoke {reexecute=0 rethrow=0 return_oop=0}
                      ; - java.lang.reflect.Method::invoke@90
  0x000071957101b5d0: 0cb4 3207 

  0x000071957101b5d4: ;   {post_call_nop}
  0x000071957101b5d4: 0f1f 8400 | cc05 0004 

  0x000071957101b5dc: ;   {metadata(method data for {method} {0x000071954c066808} 'invoke' '(Ljava/lang/Object;[Ljava/lang/Object;)Ljava/lang/Object;' in 'java/lang/reflect/Method')}
  0x000071957101b5dc: 48ba a82e | d14c 9571 | 0000 ff82 | c002 0000 | 4881 c480 | 0000 005d 

  0x000071957101b5f4: ;   {poll_return}
  0x000071957101b5f4: 493b 6728 | 0f87 0d01 | 0000 c348 | 8b4c 2458 | 488b 5424 | 5048 3b07 

  0x000071957101b60c: ;   {metadata(method data for {method} {0x000071954c066808} 'invoke' '(Ljava/lang/Object;[Ljava/lang/Object;)Ljava/lang/Object;' in 'java/lang/reflect/Method')}
  0x000071957101b60c: 488b f748 | bba8 2ed1 | 4c95 7100 | 008b 7608 | 483b b3e0 | 0200 0075 | 0d48 8383 | e802 0000 
  0x000071957101b62c: 01e9 6000 | 0000 483b | b3f0 0200 | 0075 0d48 | 8383 f802 | 0000 01e9 | 4a00 0000 | 4883 bbe0 
  0x000071957101b64c: 0200 0000 | 7517 4889 | b3e0 0200 | 0048 c783 | e802 0000 | 0100 0000 | e929 0000 | 0048 83bb 
  0x000071957101b66c: f002 0000 | 0075 1748 | 89b3 f002 | 0000 48c7 | 83f8 0200 | 0001 0000 | 00e9 0800 | 0000 4883 
  0x000071957101b68c: 83d8 0200 | 0001 488b | f748 b8f8 | f417 1c95 

  0x000071957101b69c: ;   {virtual_call}
  0x000071957101b69c: 7100 00e8 

  0x000071957101b6a0: ; ImmutableOopMap {}
                      ;*invokeinterface invoke {reexecute=0 rethrow=0 return_oop=0}
                      ; - java.lang.reflect.Method::invoke@102
  0x000071957101b6a0: 6e52 0000 

  0x000071957101b6a4: ;   {post_call_nop}
  0x000071957101b6a4: 0f1f 8400 | 9c06 0005 | 4881 c480 | 0000 005d 

  0x000071957101b6b4: ;   {poll_return}
  0x000071957101b6b4: 493b 6728 | 0f87 6800 

  0x000071957101b6bc: ;   {metadata({method} {0x000071954c066808} 'invoke' '(Ljava/lang/Object;[Ljava/lang/Object;)Ljava/lang/Object;' in 'java/lang/reflect/Method')}
  0x000071957101b6bc: 0000 c349 | ba08 6806 | 4c95 7100 | 004c 8954 | 2408 48c7 | 0424 ffff 

  0x000071957101b6d4: ;   {runtime_call C1 Runtime counter_overflow_blob}
  0x000071957101b6d4: ffff e805 

  0x000071957101b6d8: ; ImmutableOopMap {rsi=Oop rdx=Oop rcx=Oop [72]=Oop [80]=Oop }
                      ;*synchronization entry
                      ; - java.lang.reflect.Method::invoke@-1
  0x000071957101b6d8: a73f 07e9 | 90fa ffff 

  0x000071957101b6e0: ;   {metadata({method} {0x000071954c2703b0} 'isStatic' '(I)Z' in 'java/lang/reflect/Modifier')}
  0x000071957101b6e0: 49ba b003 | 274c 9571 | 0000 4c89 | 5424 0848 | c704 24ff 

  0x000071957101b6f4: ;   {runtime_call C1 Runtime counter_overflow_blob}
  0x000071957101b6f4: ffff ffe8 

  0x000071957101b6f8: ; ImmutableOopMap {rdi=Oop rsi=Oop rcx=Oop [72]=Oop [80]=Oop [88]=Oop }
                      ;*synchronization entry
                      ; - java.lang.reflect.Modifier::isStatic@-1
                      ; - java.lang.reflect.Method::invoke@42
  0x000071957101b6f8: e4a6 3f07 | e9c0 fbff 

  0x000071957101b700: ;   {runtime_call C1 Runtime throw_null_pointer_exception_blob}
  0x000071957101b700: ffe8 da54 

  0x000071957101b704: ; ImmutableOopMap {rdi=Oop rsi=Oop rcx=Oop rdx=Oop [72]=Oop [80]=Oop [88]=Oop }
                      ;*invokevirtual getClass {reexecute=0 rethrow=0 return_oop=0}
                      ; - java.lang.reflect.Method::invoke@53
                      ;   {runtime_call C1 Runtime throw_null_pointer_exception_blob}
  0x000071957101b704: 3f07 e8d5 

  0x000071957101b708: ; ImmutableOopMap {rdi=Oop r8=Oop [80]=Oop [88]=Oop }
                      ;*invokeinterface invoke {reexecute=0 rethrow=0 return_oop=0}
                      ; - java.lang.reflect.Method::invoke@90
                      ;   {internal_word}
  0x000071957101b708: 543f 0749 | baf4 b501 | 7195 7100 | 004d 8997 | 3805 0000 

  0x000071957101b71c: ;   {runtime_call SafepointBlob}
  0x000071957101b71c: e93f d132 

  0x000071957101b720: ;   {runtime_call C1 Runtime throw_null_pointer_exception_blob}
  0x000071957101b720: 07e8 ba54 

  0x000071957101b724: ; ImmutableOopMap {rdx=Oop rcx=Oop rdi=Oop [80]=Oop }
                      ;*invokeinterface invoke {reexecute=0 rethrow=0 return_oop=0}
                      ; - java.lang.reflect.Method::invoke@102
                      ;   {internal_word}
  0x000071957101b724: 3f07 49ba | b4b6 0171 | 9571 0000 | 4d89 9738 

  0x000071957101b734: ;   {runtime_call SafepointBlob}
  0x000071957101b734: 0500 00e9 | 24d1 3207 | 498b 87e0 | 0500 0049 | c787 e005 | 0000 0000 | 0000 49c7 | 87e8 0500 
  0x000071957101b754: 0000 0000 | 0048 81c4 | 8000 0000 

  0x000071957101b760: ;   {runtime_call C1 Runtime unwind_exception_blob}
  0x000071957101b760: 5de9 7a45 | 3f07 f4f4 
[Stub Code]
  0x000071957101b768: ;   {other}
  0x000071957101b768: 0f1f 4400 

  0x000071957101b76c: ;   {static_stub}
  0x000071957101b76c: 0048 bb00 | 0000 0000 

  0x000071957101b774: ;   {runtime_call nmethod}
  0x000071957101b774: 0000 00e9 | fbff ffff 

  0x000071957101b77c: ;   {static_stub}
  0x000071957101b77c: 9048 bb00 | 0000 0000 

  0x000071957101b784: ;   {runtime_call nmethod}
  0x000071957101b784: 0000 00e9 | fbff ffff 

  0x000071957101b78c: ;   {static_stub}
  0x000071957101b78c: 48bb 0000 | 0000 0000 

  0x000071957101b794: ;   {runtime_call nmethod}
  0x000071957101b794: 0000 e9fb 

  0x000071957101b798: ;   {static_stub}
  0x000071957101b798: ffff ff48 | bb00 0000 | 0000 0000 

  0x000071957101b7a4: ;   {runtime_call nmethod}
  0x000071957101b7a4: 00e9 fbff 

  0x000071957101b7a8: ;   {static_stub}
  0x000071957101b7a8: ffff 48bb | 0000 0000 | 0000 0000 

  0x000071957101b7b4: ;   {runtime_call nmethod}
  0x000071957101b7b4: e9fb ffff 

  0x000071957101b7b8: ;   {static_stub}
  0x000071957101b7b8: ff48 bb20 | 6e06 4c95 

  0x000071957101b7c0: ;   {runtime_call I2C/C2I adapters}
  0x000071957101b7c0: 7100 00e9 | 6ac4 3207 
[Exception Handler]
  0x000071957101b7c8: ;   {runtime_call C1 Runtime handle_exception_from_callee_blob}
  0x000071957101b7c8: e813 723f 

  0x000071957101b7cc: ;   {external_word}
  0x000071957101b7cc: 0748 bf3c | 77d6 8995 | 7100 0048 

  0x000071957101b7d8: ;   {runtime_call MacroAssembler::debug64(char*, long, long*)}
  0x000071957101b7d8: 83e4 f0e8 | e0ed 7118 

  0x000071957101b7e0: ;   {section_word}
  0x000071957101b7e0: f449 bae1 | b701 7195 | 7100 0041 

  0x000071957101b7ec: ;   {runtime_call DeoptimizationBlob}
  0x000071957101b7ec: 52e9 6ed3 | 3207 f4f4 | f4f4 f4f4 
[/MachCode]


Compiled method (c1) 10599  489       3       java.lang.invoke.DirectMethodHandle$Holder::invokeStatic (15 bytes)
 total in heap  [0x0000719570f32908,0x0000719570f32ec0] = 1464
 main code      [0x0000719570f32a00,0x0000719570f32e70] = 1136
 stub code      [0x0000719570f32e70,0x0000719570f32ec0] = 80
 mutable data [0x000071951c15b260,0x000071951c15b2d0] = 112
 relocation     [0x000071951c15b260,0x000071951c15b2c0] = 96
 metadata       [0x000071951c15b2c0,0x000071951c15b2d0] = 16
 immutable data [0x000071951c15b180,0x000071951c15b250] = 208
 dependencies   [0x000071951c15b180,0x000071951c15b188] = 8
 nul chk table  [0x000071951c15b188,0x000071951c15b198] = 16
 scopes pcs     [0x000071951c15b198,0x000071951c15b208] = 112
 scopes data    [0x000071951c15b208,0x000071951c15b250] = 72

[Constant Pool (empty)]

[MachCode]
[Verified Entry Point]
  # {method} {0x000071954c35abe8} 'invokeStatic' '(Ljava/lang/Object;Ljava/lang/Object;Ljava/lang/Object;)Ljava/lang/Object;' in 'java/lang/invoke/DirectMethodHandle$Holder'
  # parm0:    rsi:rsi   = 'java/lang/Object'
  # parm1:    rdx:rdx   = 'java/lang/Object'
  # parm2:    rcx:rcx   = 'java/lang/Object'
  #           [sp+0x50]  (sp of caller)
  0x0000719570f32a00: e95b c83c | 07fe ff55 | 4883 ec40 | 4181 7f20 | 0700 0000 

  0x0000719570f32a14: ;   {runtime_call Stub::method_entry_barrier}
  0x0000719570f32a14: 7405 e805 

  0x0000719570f32a18: ;   {metadata(method data for {method} {0x000071954c35abe8} 'invokeStatic' '(Ljava/lang/Object;Ljava/lang/Object;Ljava/lang/Object;)Ljava/lang/Object;' in 'java/lang/invoke/DirectMethodHandle$Holder')}
  0x0000719570f32a18: b53f 0748 | bfa8 0887 | 4c95 7100 | 0048 8dbf | e001 0000 | 4885 f675 | 0cf6 0701 | 753f f048 
  0x0000719570f32a38: 830f 01eb | 388b 5e08 | 4c8b d348 | 331f 48f7 | c3fc ffff | ff74 26f6 | c302 7521 | 48f7 07fe 
  0x0000719570f32a58: ffff ff74 | 1549 8bda | 4833 1f48 | f7c3 fcff | ffff 7409 | 4883 0f02 | eb03 4889 | 1f48 85d2 
  0x0000719570f32a78: 750e f647 | 1001 7545 | f048 834f | 1001 eb3d | 8b5a 084c | 8bd3 4833 | 5f10 48f7 | c3fc ffff 
  0x0000719570f32a98: ff74 2af6 | c302 7525 | 48f7 4710 | feff ffff | 7417 498b | da48 335f | 1048 f7c3 | fcff ffff 
  0x0000719570f32ab8: 740b 4883 | 4f10 02eb | 0448 895f 

  0x0000719570f32ac4: ;   {metadata(method data for {method} {0x000071954c35abe8} 'invokeStatic' '(Ljava/lang/Object;Ljava/lang/Object;Ljava/lang/Object;)Ljava/lang/Object;' in 'java/lang/invoke/DirectMethodHandle$Holder')}
  0x0000719570f32ac4: 1048 bfa8 | 0887 4c95 | 7100 008b | 9f90 0000 | 0083 c302 | 899f 9000 | 0000 81e3 | fe07 0000 
  0x0000719570f32ae4: 85db 0f84 | f302 0000 

  0x0000719570f32aec: ;   {metadata(method data for {method} {0x000071954c35abe8} 'invokeStatic' '(Ljava/lang/Object;Ljava/lang/Object;Ljava/lang/Object;)Ljava/lang/Object;' in 'java/lang/invoke/DirectMethodHandle$Holder')}
  0x0000719570f32aec: 48bf a808 | 874c 9571 | 0000 488d | bfe8 0000 | 0048 85f6 | 750e f647 | 0801 7545 | f048 834f 
  0x0000719570f32b0c: 0801 eb3d | 8b5e 084c | 8bd3 4833 | 5f08 48f7 | c3fc ffff | ff74 2af6 | c302 7525 | 48f7 4708 
  0x0000719570f32b2c: feff ffff | 7417 498b | da48 335f | 0848 f7c3 | fcff ffff | 740b 4883 | 4f08 02eb | 0448 895f 
  0x0000719570f32b4c: ;   {metadata(method data for {method} {0x000071954c35abe8} 'invokeStatic' '(Ljava/lang/Object;Ljava/lang/Object;Ljava/lang/Object;)Ljava/lang/Object;' in 'java/lang/invoke/DirectMethodHandle$Holder')}
  0x0000719570f32b4c: 0848 bfa8 | 0887 4c95 | 7100 0048 | 8387 d800 

  0x0000719570f32b5c: ;   {metadata(method data for {method} {0x000071954c079a70} 'internalMemberName' '(Ljava/lang/Object;)Ljava/lang/Object;' in 'java/lang/invoke/DirectMethodHandle')}
  0x0000719570f32b5c: 0000 0148 | bf50 0587 | 4c95 7100 | 008b 9f90 | 0000 0083 | c302 899f | 9000 0000 | 81e3 feff 
  0x0000719570f32b7c: 1f00 85db | 0f84 7a02 | 0000 4885 

  0x0000719570f32b88: ;   {metadata(method data for {method} {0x000071954c079a70} 'internalMemberName' '(Ljava/lang/Object;)Ljava/lang/Object;' in 'java/lang/invoke/DirectMethodHandle')}
  0x0000719570f32b88: f648 bb50 | 0587 4c95 | 7100 0075 | 0c80 8bd1 | 0000 0001 | e995 0000 | 008b 4608 | 483b 83e0 
  0x0000719570f32ba8: 0000 0075 | 0d48 8383 | e800 0000 | 01e9 6000 | 0000 483b | 83f0 0000 | 0075 0d48 | 8383 f800 
  0x0000719570f32bc8: 0000 01e9 | 4a00 0000 | 4883 bbe0 | 0000 0000 | 7517 4889 | 83e0 0000 | 0048 c783 | e800 0000 
  0x0000719570f32be8: 0100 0000 | e929 0000 | 0048 83bb | f000 0000 | 0075 1748 | 8983 f000 | 0000 48c7 | 83f8 0000 
  0x0000719570f32c08: 0001 0000 | 00e9 0800 | 0000 4883 | 83d8 0000 

  0x0000719570f32c18: ;   {metadata('java/lang/invoke/DirectMethodHandle')}
  0x0000719570f32c18: 0001 48b8 | 50cb 004e | 0000 0000 | 8b5e 0848 | 3b43 400f | 85f0 0100 | 00e9 0000 | 0000 8b7e 
  0x0000719570f32c38: ;   {metadata(method data for {method} {0x000071954c35abe8} 'invokeStatic' '(Ljava/lang/Object;Ljava/lang/Object;Ljava/lang/Object;)Ljava/lang/Object;' in 'java/lang/invoke/DirectMethodHandle$Holder')}
  0x0000719570f32c38: 2048 bea8 | 0887 4c95 | 7100 0048 | 8db6 f800 | 0000 4885 | ff75 0cf6 | 0601 7546 | f048 830e 
  0x0000719570f32c58: ;   {metadata('java/lang/invoke/MemberName')}
  0x0000719570f32c58: 01eb 3f48 | bb90 d100 | 4e00 0000 | 004c 8bd3 | 4833 1e48 | f7c3 fcff | ffff 7426 | f6c3 0275 
  0x0000719570f32c78: 2148 f706 | feff ffff | 7415 498b | da48 331e | 48f7 c3fc | ffff ff74 | 0948 830e | 02eb 0348 
  0x0000719570f32c98: ;   {metadata(method data for {method} {0x000071954c35abe8} 'invokeStatic' '(Ljava/lang/Object;Ljava/lang/Object;Ljava/lang/Object;)Ljava/lang/Object;' in 'java/lang/invoke/DirectMethodHandle$Holder')}
  0x0000719570f32c98: 891e 48be | a808 874c | 9571 0000 | 488d b648 | 0100 0048 | 85d2 750e | f646 0801 | 7545 f048 
  0x0000719570f32cb8: 834e 0801 | eb3d 8b5a | 084c 8bd3 | 4833 5e08 | 48f7 c3fc | ffff ff74 | 2af6 c302 | 7525 48f7 
  0x0000719570f32cd8: 4608 feff | ffff 7417 | 498b da48 | 335e 0848 | f7c3 fcff | ffff 740b | 4883 4e08 | 02eb 0448 
  0x0000719570f32cf8: 895e 0848 | 85c9 750e | f646 1801 | 7545 f048 | 834e 1801 | eb3d 8b59 | 084c 8bd3 | 4833 5e18 
  0x0000719570f32d18: 48f7 c3fc | ffff ff74 | 2af6 c302 | 7525 48f7 | 4618 feff | ffff 7417 | 498b da48 | 335e 1848 
  0x0000719570f32d38: f7c3 fcff | ffff 740b | 4883 4e18 | 02eb 0448 

  0x0000719570f32d48: ;   {metadata(method data for {method} {0x000071954c35abe8} 'invokeStatic' '(Ljava/lang/Object;Ljava/lang/Object;Ljava/lang/Object;)Ljava/lang/Object;' in 'java/lang/invoke/DirectMethodHandle$Holder')}
  0x0000719570f32d48: 895e 1848 | bea8 0887 | 4c95 7100 | 0048 8386 | 3801 0000 | 0148 8bf2 | 488b d148 

  0x0000719570f32d64: ;   {static_call}
  0x0000719570f32d64: 8bcf 90e8 

  0x0000719570f32d68: ; ImmutableOopMap {}
                      ;*invokestatic linkToStatic {reexecute=0 rethrow=0 return_oop=0}
                      ; - java.lang.invoke.DirectMethodHandle$Holder::invokeStatic@11
  0x0000719570f32d68: 1480 b007 

  0x0000719570f32d6c: ;   {post_call_nop}
  0x0000719570f32d6c: 0f1f 8400 | 6404 0000 

  0x0000719570f32d74: ;   {metadata(method data for {method} {0x000071954c35abe8} 'invokeStatic' '(Ljava/lang/Object;Ljava/lang/Object;Ljava/lang/Object;)Ljava/lang/Object;' in 'java/lang/invoke/DirectMethodHandle$Holder')}
  0x0000719570f32d74: 48be a808 | 874c 9571 | 0000 488d | b668 0100 | 0048 85c0 | 750c f606 | 0175 40f0 | 4883 0e01 
  0x0000719570f32d94: eb39 8b78 | 084c 8bd7 | 4833 3e48 | f7c7 fcff | ffff 7427 | 40f6 c702 | 7521 48f7 | 06fe ffff 
  0x0000719570f32db4: ff74 1549 | 8bfa 4833 | 3e48 f7c7 | fcff ffff | 7409 4883 | 0e02 eb03 | 4889 3e48 | 83c4 405d 
  0x0000719570f32dd4: ;   {poll_return}
  0x0000719570f32dd4: 493b 6728 | 0f87 5100 

  0x0000719570f32ddc: ;   {metadata({method} {0x000071954c35abe8} 'invokeStatic' '(Ljava/lang/Object;Ljava/lang/Object;Ljava/lang/Object;)Ljava/lang/Object;' in 'java/lang/invoke/DirectMethodHandle$Holder')}
  0x0000719570f32ddc: 0000 c349 | bae8 ab35 | 4c95 7100 | 004c 8954 | 2408 48c7 | 0424 ffff 

  0x0000719570f32df4: ;   {runtime_call C1 Runtime counter_overflow_blob}
  0x0000719570f32df4: ffff e8e5 

  0x0000719570f32df8: ; ImmutableOopMap {rsi=Oop rdx=Oop rcx=Oop }
                      ;*synchronization entry
                      ; - java.lang.invoke.DirectMethodHandle$Holder::invokeStatic@-1
  0x0000719570f32df8: 2f4e 07e9 | ecfc ffff 

  0x0000719570f32e00: ;   {metadata({method} {0x000071954c079a70} 'internalMemberName' '(Ljava/lang/Object;)Ljava/lang/Object;' in 'java/lang/invoke/DirectMethodHandle')}
  0x0000719570f32e00: 49ba 709a | 074c 9571 | 0000 4c89 | 5424 0848 | c704 24ff 

  0x0000719570f32e14: ;   {runtime_call C1 Runtime counter_overflow_blob}
  0x0000719570f32e14: ffff ffe8 

  0x0000719570f32e18: ; ImmutableOopMap {rsi=Oop rdx=Oop rcx=Oop }
                      ;*synchronization entry
                      ; - java.lang.invoke.DirectMethodHandle::internalMemberName@-1
                      ; - java.lang.invoke.DirectMethodHandle$Holder::invokeStatic@1
  0x0000719570f32e18: c42f 4e07 | e965 fdff | ff48 8934 

  0x0000719570f32e24: ;   {runtime_call C1 Runtime throw_class_cast_exception_blob}
  0x0000719570f32e24: 24e8 b601 

  0x0000719570f32e28: ; ImmutableOopMap {rdx=Oop rcx=Oop }
                      ;*checkcast {reexecute=0 rethrow=0 return_oop=0}
                      ; - java.lang.invoke.DirectMethodHandle::internalMemberName@1
                      ; - java.lang.invoke.DirectMethodHandle$Holder::invokeStatic@1
                      ;   {runtime_call C1 Runtime throw_null_pointer_exception_blob}
  0x0000719570f32e28: 4e07 e8b1 

  0x0000719570f32e2c: ; ImmutableOopMap {rdx=Oop rcx=Oop }
                      ;*getfield member {reexecute=1 rethrow=0 return_oop=0}
                      ; - (reexecute) java.lang.invoke.DirectMethodHandle::internalMemberName@4
                      ; - java.lang.invoke.DirectMethodHandle$Holder::invokeStatic@1
                      ;   {internal_word}
  0x0000719570f32e2c: dd4d 0749 | bad4 2df3 | 7095 7100 | 004d 8997 | 3805 0000 

  0x0000719570f32e40: ;   {runtime_call SafepointBlob}
  0x0000719570f32e40: e91b 5a41 | 0749 8b87 | e005 0000 | 49c7 87e0 | 0500 0000 | 0000 0049 | c787 e805 | 0000 0000 
  0x0000719570f32e60: 0000 4883 

  0x0000719570f32e64: ;   {runtime_call C1 Runtime unwind_exception_blob}
  0x0000719570f32e64: c440 5de9 | 74ce 4d07 | f4f4 f4f4 
[Stub Code]
  0x0000719570f32e70: ;   {static_stub}
  0x0000719570f32e70: 48bb 0000 | 0000 0000 

  0x0000719570f32e78: ;   {runtime_call nmethod}
  0x0000719570f32e78: 0000 e9fb 

  0x0000719570f32e7c: ;   {runtime_call C1 Runtime handle_exception_from_callee_blob}
  0x0000719570f32e7c: ffff ffe8 | 5cfb 4d07 

  0x0000719570f32e84: ;   {external_word}
  0x0000719570f32e84: 48bf 3c77 | d689 9571 | 0000 4883 

  0x0000719570f32e90: ;   {runtime_call MacroAssembler::debug64(char*, long, long*)}
  0x0000719570f32e90: e4f0 e829 | 7780 18f4 
[Deopt Handler Code]
  0x0000719570f32e98: ;   {section_word}
  0x0000719570f32e98: 49ba 982e | f370 9571 | 0000 4152 

  0x0000719570f32ea4: ;   {runtime_call DeoptimizationBlob}
  0x0000719570f32ea4: e9b7 5c41 

  0x0000719570f32ea8: ;   {section_word}
  0x0000719570f32ea8: 0749 baa9 | 2ef3 7095 | 7100 0041 

  0x0000719570f32eb4: ;   {runtime_call DeoptimizationBlob}
  0x0000719570f32eb4: 52e9 a65c | 4107 f4f4 | f4f4 f4f4 
[/MachCode]


---------------  P R O C E S S  ---------------

Threads class SMR info:
_java_thread_list=0x00007193dc008db0, length=63, elements={
0x000071958402ee60, 0x000071958417d840, 0x000071958417eff0, 0x0000719584180a20,
0x0000719584182270, 0x0000719584183a20, 0x00007195841857d0, 0x00007195841870f0,
0x0000719530078b20, 0x000071953007a450, 0x00007195842428d0, 0x0000719584245210,
0x0000719584835950, 0x00007194f4001730, 0x0000719584827910, 0x0000719584828be0,
0x0000719584829730, 0x000071958482b140, 0x00007195848ef360, 0x0000719584846de0,
0x0000719584848080, 0x000071958484c790, 0x00007194c8006f40, 0x00007194cc000f30,
0x00007194c8007a50, 0x00007194c8008dc0, 0x00007194c800a280, 0x00007194c800b740,
0x00007194c800cb10, 0x00007194c800e160, 0x00007194c800f600, 0x00007194c8010aa0,
0x00007195849c0240, 0x0000719524295670, 0x00007194c8014f20, 0x00007194c80251a0,
0x00007194c8029140, 0x00007194c802a460, 0x0000719464001750, 0x00007194c804e070,
0x0000719468000f30, 0x0000719464002d40, 0x00007194d401fb60, 0x00007194d43edd60,
0x00007195842baf60, 0x00007194d004c130, 0x0000719584a2ff70, 0x00007195848758d0,
0x0000719584876760, 0x00007195283e7bc0, 0x00007195240dfe40, 0x0000719584b20660,
0x00007194280911f0, 0x000071942809e260, 0x00007195847a57e0, 0x00007195847a9110,
0x00007193fc002290, 0x0000719470144e50, 0x000071952842e440, 0x0000719584f60ee0,
0x000071958502ef70, 0x00007193dc0053e0, 0x00007193dc007a20
}

Java Threads: ( => current thread )
=>0x000071958402ee60 JavaThread "main"                              [_thread_in_native, id=17253, stack(0x0000719588805000,0x0000719588905000) (1024K)]
  0x000071958417d840 JavaThread "Reference Handler"          daemon [_thread_blocked, id=17263, stack(0x000071955f1f3000,0x000071955f2f3000) (1024K)]
  0x000071958417eff0 JavaThread "Finalizer"                  daemon [_thread_blocked, id=17264, stack(0x000071955ed00000,0x000071955ee00000) (1024K)]
  0x0000719584180a20 JavaThread "Signal Dispatcher"          daemon [_thread_blocked, id=17265, stack(0x000071955ec00000,0x000071955ed00000) (1024K)]
  0x0000719584182270 JavaThread "Service Thread"             daemon [_thread_blocked, id=17266, stack(0x000071955eb00000,0x000071955ec00000) (1024K)]
  0x0000719584183a20 JavaThread "Monitor Deflation Thread"   daemon [_thread_blocked, id=17267, stack(0x000071955ea00000,0x000071955eb00000) (1024K)]
  0x00007195841857d0 JavaThread "C2 CompilerThread0"         daemon [_thread_blocked, id=17268, stack(0x000071955e900000,0x000071955ea00000) (1024K)]
  0x00007195841870f0 JavaThread "C1 CompilerThread0"         daemon [_thread_blocked, id=17269, stack(0x000071955e800000,0x000071955e900000) (1024K)]
  0x0000719530078b20 JavaThread "C1 CompilerThread1"         daemon [_thread_blocked, id=17270, stack(0x000071955e700000,0x000071955e800000) (1024K)]
  0x000071953007a450 JavaThread "C1 CompilerThread2"         daemon [_thread_blocked, id=17271, stack(0x000071955e600000,0x000071955e700000) (1024K)]
  0x00007195842428d0 JavaThread "Notification Thread"        daemon [_thread_blocked, id=17273, stack(0x000071955e400000,0x000071955e500000) (1024K)]
  0x0000719584245210 JavaThread "Common-Cleaner"             daemon [_thread_blocked, id=17274, stack(0x000071955e300000,0x000071955e400000) (1024K)]
  0x0000719584835950 JavaThread "Equinox resolver thread - Equinox Container: eec10ac7-b9e2-4739-9466-874310c597bf" daemon [_thread_blocked, id=17283, stack(0x0000719518dfa000,0x0000719518efa000) (1024K)]
  0x00007194f4001730 JavaThread "Equinox resolver thread - Equinox Container: eec10ac7-b9e2-4739-9466-874310c597bf" daemon [_thread_blocked, id=17284, stack(0x0000719518cfa000,0x0000719518dfa000) (1024K)]
  0x0000719584827910 JavaThread "Equinox resolver thread - Equinox Container: eec10ac7-b9e2-4739-9466-874310c597bf" daemon [_thread_blocked, id=17285, stack(0x0000719518bfa000,0x0000719518cfa000) (1024K)]
  0x0000719584828be0 JavaThread "Equinox resolver thread - Equinox Container: eec10ac7-b9e2-4739-9466-874310c597bf" daemon [_thread_blocked, id=17286, stack(0x0000719518afa000,0x0000719518bfa000) (1024K)]
  0x0000719584829730 JavaThread "Equinox resolver thread - Equinox Container: eec10ac7-b9e2-4739-9466-874310c597bf" daemon [_thread_blocked, id=17287, stack(0x00007195189fa000,0x0000719518afa000) (1024K)]
  0x000071958482b140 JavaThread "Equinox resolver thread - Equinox Container: eec10ac7-b9e2-4739-9466-874310c597bf" daemon [_thread_blocked, id=17288, stack(0x00007195188fa000,0x00007195189fa000) (1024K)]
  0x00007195848ef360 JavaThread "Active Thread: Equinox Container: eec10ac7-b9e2-4739-9466-874310c597bf"        [_thread_blocked, id=17289, stack(0x00007195187fa000,0x00007195188fa000) (1024K)]
  0x0000719584846de0 JavaThread "Framework Event Dispatcher: Equinox Container: eec10ac7-b9e2-4739-9466-874310c597bf" daemon [_thread_blocked, id=17290, stack(0x00007195186fa000,0x00007195187fa000) (1024K)]
  0x0000719584848080 JavaThread "Start Level: Equinox Container: eec10ac7-b9e2-4739-9466-874310c597bf" daemon [_thread_blocked, id=17291, stack(0x00007195185fa000,0x00007195186fa000) (1024K)]
  0x000071958484c790 JavaThread "Refresh Thread: Equinox Container: eec10ac7-b9e2-4739-9466-874310c597bf" daemon [_thread_blocked, id=17292, stack(0x00007195184fa000,0x00007195185fa000) (1024K)]
  0x00007194c8006f40 JavaThread "Equinox resolver thread - Equinox Container: eec10ac7-b9e2-4739-9466-874310c597bf" daemon [_thread_blocked, id=17293, stack(0x00007195183fa000,0x00007195184fa000) (1024K)]
  0x00007194cc000f30 JavaThread "Equinox resolver thread - Equinox Container: eec10ac7-b9e2-4739-9466-874310c597bf" daemon [_thread_blocked, id=17294, stack(0x00007195182fa000,0x00007195183fa000) (1024K)]
  0x00007194c8007a50 JavaThread "Equinox resolver thread - Equinox Container: eec10ac7-b9e2-4739-9466-874310c597bf" daemon [_thread_blocked, id=17295, stack(0x00007195181fa000,0x00007195182fa000) (1024K)]
  0x00007194c8008dc0 JavaThread "Equinox resolver thread - Equinox Container: eec10ac7-b9e2-4739-9466-874310c597bf" daemon [_thread_blocked, id=17296, stack(0x00007195180fa000,0x00007195181fa000) (1024K)]
  0x00007194c800a280 JavaThread "Equinox resolver thread - Equinox Container: eec10ac7-b9e2-4739-9466-874310c597bf" daemon [_thread_blocked, id=17297, stack(0x00007194bff00000,0x00007194c0000000) (1024K)]
  0x00007194c800b740 JavaThread "Equinox resolver thread - Equinox Container: eec10ac7-b9e2-4739-9466-874310c597bf" daemon [_thread_blocked, id=17298, stack(0x00007194bfe00000,0x00007194bff00000) (1024K)]
  0x00007194c800cb10 JavaThread "Equinox resolver thread - Equinox Container: eec10ac7-b9e2-4739-9466-874310c597bf" daemon [_thread_blocked, id=17307, stack(0x00007194bf4f8000,0x00007194bf5f8000) (1024K)]
  0x00007194c800e160 JavaThread "Equinox resolver thread - Equinox Container: eec10ac7-b9e2-4739-9466-874310c597bf" daemon [_thread_blocked, id=17308, stack(0x00007194bf3f8000,0x00007194bf4f8000) (1024K)]
  0x00007194c800f600 JavaThread "Equinox resolver thread - Equinox Container: eec10ac7-b9e2-4739-9466-874310c597bf" daemon [_thread_blocked, id=17309, stack(0x00007194bf2f8000,0x00007194bf3f8000) (1024K)]
  0x00007194c8010aa0 JavaThread "Equinox resolver thread - Equinox Container: eec10ac7-b9e2-4739-9466-874310c597bf" daemon [_thread_blocked, id=17310, stack(0x00007194bf1f8000,0x00007194bf2f8000) (1024K)]
  0x00007195849c0240 JavaThread "Bundle File Closer"         daemon [_thread_blocked, id=17314, stack(0x000071955c009000,0x000071955c109000) (1024K)]
  0x0000719524295670 JavaThread "C1 CompilerThread3"         daemon [_thread_blocked, id=17321, stack(0x00007194becf7000,0x00007194bedf7000) (1024K)]
  0x00007194c8014f20 JavaThread "Equinox resolver thread - Equinox Container: eec10ac7-b9e2-4739-9466-874310c597bf" daemon [_thread_blocked, id=17322, stack(0x00007194bebf7000,0x00007194becf7000) (1024K)]
  0x00007194c80251a0 JavaThread "Equinox resolver thread - Equinox Container: eec10ac7-b9e2-4739-9466-874310c597bf" daemon [_thread_blocked, id=17323, stack(0x00007194beaf7000,0x00007194bebf7000) (1024K)]
  0x00007194c8029140 JavaThread "Equinox resolver thread - Equinox Container: eec10ac7-b9e2-4739-9466-874310c597bf" daemon [_thread_blocked, id=17324, stack(0x00007194be9f7000,0x00007194beaf7000) (1024K)]
  0x00007194c802a460 JavaThread "Equinox resolver thread - Equinox Container: eec10ac7-b9e2-4739-9466-874310c597bf" daemon [_thread_blocked, id=17325, stack(0x00007194be8f7000,0x00007194be9f7000) (1024K)]
  0x0000719464001750 JavaThread "Equinox resolver thread - Equinox Container: eec10ac7-b9e2-4739-9466-874310c597bf" daemon [_thread_blocked, id=17326, stack(0x00007194be7f7000,0x00007194be8f7000) (1024K)]
  0x00007194c804e070 JavaThread "Equinox resolver thread - Equinox Container: eec10ac7-b9e2-4739-9466-874310c597bf" daemon [_thread_blocked, id=17327, stack(0x00007194be6f7000,0x00007194be7f7000) (1024K)]
  0x0000719468000f30 JavaThread "Equinox resolver thread - Equinox Container: eec10ac7-b9e2-4739-9466-874310c597bf" daemon [_thread_blocked, id=17328, stack(0x00007194be5f7000,0x00007194be6f7000) (1024K)]
  0x0000719464002d40 JavaThread "Equinox resolver thread - Equinox Container: eec10ac7-b9e2-4739-9466-874310c597bf" daemon [_thread_blocked, id=17329, stack(0x00007194be4f7000,0x00007194be5f7000) (1024K)]
  0x00007194d401fb60 JavaThread "SCR Component Actor"        daemon [_thread_blocked, id=17336, stack(0x00007194bddf3000,0x00007194bdef3000) (1024K)]
  0x00007194d43edd60 JavaThread "EMF Reference Cleaner"      daemon [_thread_blocked, id=17347, stack(0x00007194bd7ee000,0x00007194bd8ee000) (1024K)]
  0x00007195842baf60 JavaThread "Gogo shell"                        [_thread_blocked, id=17348, stack(0x00007194bdff3000,0x00007194be0f3000) (1024K)]
  0x00007194d004c130 JavaThread "Worker-JM"                         [_thread_blocked, id=17351, stack(0x00007194beff7000,0x00007194bf0f7000) (1024K)]
  0x0000719584a2ff70 JavaThread "Worker-0"                          [_thread_blocked, id=17352, stack(0x00007194bedf7000,0x00007194beef7000) (1024K)]
  0x00007195848758d0 JavaThread "Java2D Disposer"            daemon [_thread_blocked, id=17356, stack(0x000071955e500000,0x000071955e600000) (1024K)]
  0x0000719584876760 JavaThread "AWT-XAWT"                   daemon [_thread_in_native, id=17357, stack(0x0000719518efa000,0x0000719518ffa000) (1024K)]
  0x00007195283e7bc0 JavaThread "C2 CompilerThread1"         daemon [_thread_blocked, id=17358, stack(0x00007194beef7000,0x00007194beff7000) (1024K)]
  0x00007195240dfe40 JavaThread "C2 CompilerThread2"         daemon [_thread_blocked, id=17359, stack(0x00007194bd6ee000,0x00007194bd7ee000) (1024K)]
  0x0000719584b20660 JavaThread "Database navigator events processor"        [_thread_blocked, id=17364, stack(0x00007194bce96000,0x00007194bcf96000) (1024K)]
  0x00007194280911f0 JavaThread "Worker-2"                          [_thread_blocked, id=17365, stack(0x00007194bcb00000,0x00007194bcc00000) (1024K)]
  0x000071942809e260 JavaThread "Worker-3"                          [_thread_blocked, id=17366, stack(0x00007194bca00000,0x00007194bcb00000) (1024K)]
  0x00007195847a57e0 JavaThread "idle-timeout-task"          daemon [_thread_blocked, id=17368, stack(0x00007193f9d00000,0x00007193f9e00000) (1024K)]
  0x00007195847a9110 JavaThread "HTTP-Dispatcher"                   [_thread_in_native, id=17369, stack(0x00007193f9900000,0x00007193f9a00000) (1024K)]
  0x00007193fc002290 JavaThread "Worker-4"                          [_thread_blocked, id=17371, stack(0x00007193f9800000,0x00007193f9900000) (1024K)]
  0x0000719470144e50 JavaThread "C2 CompilerThread3"         daemon [_thread_blocked, id=17373, stack(0x00007194bdef3000,0x00007194bdff3000) (1024K)]
  0x000071952842e440 JavaThread "C2 CompilerThread4"         daemon [_thread_blocked, id=17374, stack(0x00007193f9700000,0x00007193f9800000) (1024K)]
  0x0000719584f60ee0 JavaThread "SWTResourceTracker"         daemon [_thread_blocked, id=17376, stack(0x00007193f9600000,0x00007193f9700000) (1024K)]
  0x000071958502ef70 JavaThread "EventAdmin Async Event Dispatcher Thread" daemon [_thread_blocked, id=17378, stack(0x00007193f9450000,0x00007193f9550000) (1024K)]
  0x00007193dc0053e0 JavaThread "pool-2-thread-1"                   [_thread_blocked, id=17379, stack(0x00007193f9350000,0x00007193f9450000) (1024K)]
  0x00007193dc007a20 JavaThread "pool-3-thread-1"                   [_thread_blocked, id=17380, stack(0x00007193f9250000,0x00007193f9350000) (1024K)]
Total: 63

Other Threads:
  0x00007195841479d0 VMThread "VM Thread"                           [id=17262, stack(0x000071955f2f4000,0x000071955f3f4000) (1024K)]
  0x000071958410bba0 WatcherThread "VM Periodic Task Thread"        [id=17260, stack(0x000071955f3f5000,0x000071955f4f5000) (1024K)]
  0x0000719584073940 WorkerThread "GC Thread#0"                     [id=17255, stack(0x000071956ed00000,0x000071956ee00000) (1024K)]
  0x000071954400a630 WorkerThread "GC Thread#1"                     [id=17299, stack(0x00007194bfd00000,0x00007194bfe00000) (1024K)]
  0x000071954400b180 WorkerThread "GC Thread#2"                     [id=17300, stack(0x00007194bfbff000,0x00007194bfcff000) (1024K)]
  0x000071954400bf00 WorkerThread "GC Thread#3"                     [id=17301, stack(0x00007194bfafe000,0x00007194bfbfe000) (1024K)]
  0x0000719544012200 WorkerThread "GC Thread#4"                     [id=17302, stack(0x00007194bf9fd000,0x00007194bfafd000) (1024K)]
  0x00007195440131f0 WorkerThread "GC Thread#5"                     [id=17303, stack(0x00007194bf8fc000,0x00007194bf9fc000) (1024K)]
  0x00007195440143b0 WorkerThread "GC Thread#6"                     [id=17304, stack(0x00007194bf7fb000,0x00007194bf8fb000) (1024K)]
  0x0000719544015570 WorkerThread "GC Thread#7"                     [id=17305, stack(0x00007194bf6fa000,0x00007194bf7fa000) (1024K)]
  0x0000719544016730 WorkerThread "GC Thread#8"                     [id=17306, stack(0x00007194bf5f9000,0x00007194bf6f9000) (1024K)]
  0x0000719544011440 WorkerThread "GC Thread#9"                     [id=17313, stack(0x00007194bf0f8000,0x00007194bf1f8000) (1024K)]
  0x000071954402e370 WorkerThread "GC Thread#10"                    [id=17339, stack(0x00007194bdcf3000,0x00007194bddf3000) (1024K)]
  0x000071954402ebd0 WorkerThread "GC Thread#11"                    [id=17340, stack(0x00007194bdbf2000,0x00007194bdcf2000) (1024K)]
  0x000071954402f5a0 WorkerThread "GC Thread#12"                    [id=17341, stack(0x00007194bdaf1000,0x00007194bdbf1000) (1024K)]
  0x0000719544030040 WorkerThread "GC Thread#13"                    [id=17342, stack(0x00007194bd9f0000,0x00007194bdaf0000) (1024K)]
  0x0000719544030c30 WorkerThread "GC Thread#14"                    [id=17343, stack(0x00007194bd8ef000,0x00007194bd9ef000) (1024K)]
  0x000071954402db50 WorkerThread "GC Thread#15"                    [id=17353, stack(0x00007194bd57a000,0x00007194bd67a000) (1024K)]
  0x0000719544032940 WorkerThread "GC Thread#16"                    [id=17354, stack(0x00007194bd479000,0x00007194bd579000) (1024K)]
  0x0000719544033230 WorkerThread "GC Thread#17"                    [id=17355, stack(0x00007194bd378000,0x00007194bd478000) (1024K)]
  0x0000719584081230 ConcurrentGCThread "G1 Main Marker"            [id=17256, stack(0x000071956ebff000,0x000071956ecff000) (1024K)]
  0x0000719584082430 WorkerThread "G1 Conc#0"                       [id=17257, stack(0x000071956eafe000,0x000071956ebfe000) (1024K)]
  0x0000719560000cd0 WorkerThread "G1 Conc#1"                       [id=17330, stack(0x00007194be3f7000,0x00007194be4f7000) (1024K)]
  0x0000719560001a30 WorkerThread "G1 Conc#2"                       [id=17331, stack(0x00007194be2f6000,0x00007194be3f6000) (1024K)]
  0x00007195600027f0 WorkerThread "G1 Conc#3"                       [id=17332, stack(0x00007194be1f5000,0x00007194be2f5000) (1024K)]
  0x00007195600035b0 WorkerThread "G1 Conc#4"                       [id=17333, stack(0x00007194be0f4000,0x00007194be1f4000) (1024K)]
  0x00007195840fe930 ConcurrentGCThread "G1 Refine#0"               [id=17258, stack(0x000071955f5f7000,0x000071955f6f7000) (1024K)]
  0x00007195840ffb20 ConcurrentGCThread "G1 Service"                [id=17259, stack(0x000071955f4f6000,0x000071955f5f6000) (1024K)]
Total: 28

Threads with active compile tasks:
Total: 0

VM state: not at safepoint (normal execution)

VM Mutex/Monitor currently owned by a thread: None

Heap address: 0x00000000c0000000, size: 1024 MB, Compressed Oops mode: 32-bit

CDS archive(s) not mapped
Compressed class space mapped at: 0x000000004e000000-0x000000008e000000, reserved size: 1073741824
UseCompressedClassPointers 1, UseCompactObjectHeaders 0
Narrow klass pointer bits 32, Max shift 3
Narrow klass base: 0x0000000000000000, Narrow klass shift: 0
Encoding Range: [0x0000000000000000 - 0x0000000100000000), (4294967296 bytes)
Klass Range:    [0x000000004e000000 - 0x000000008e000000), (1073741824 bytes)
Klass ID Range:  [1308622848 - 2382364665) (1073741817)
No protection zone.

GC Precious Log:
 CardTable entry size: 512
 Card Set container configuration: InlinePtr #cards 5 size 8 Array Of Cards #cards 10 size 36 Howl #buckets 4 coarsen threshold 1843 Howl Bitmap #cards 512 size 80 coarsen threshold 460 Card regions per heap region 1 cards per card region 2048
 CPUs: 24 total, 24 available
 Memory: 31925M
 Large Page Support: Disabled
 NUMA Support: Disabled
 Compressed Oops: Enabled (32-bit)
 Heap Region Size: 1M
 Heap Min Capacity: 64M
 Heap Initial Capacity: 64M
 Heap Max Capacity: 1G
 Pre-touch: Disabled
 Parallel Workers: 18
 Concurrent Workers: 5
 Concurrent Refinement Workers: 18
 Periodic GC: Disabled

Heap:
 garbage-first heap   total reserved 1048576K, committed 133120K, used 78230K [0x00000000c0000000, 0x0000000100000000)
  region size 1024K, 43 young (44032K), 8 survivors (8192K)

Heap Regions: E=young(eden), S=young(survivor), O=old, HS=humongous(starts), HC=humongous(continues), CS=collection set, F=free, TAMS=top-at-mark-start, PB=parsable bottom
|   0|0x00000000c0000000, 0x00000000c0100000, 0x00000000c0100000|100%| O|  |TAMS 0x00000000c0000000| PB 0x00000000c0000000| Untracked |  0
|   1|0x00000000c0100000, 0x00000000c0200000, 0x00000000c0200000|100%| O|  |TAMS 0x00000000c0100000| PB 0x00000000c0100000| Untracked |  0
|   2|0x00000000c0200000, 0x00000000c0300000, 0x00000000c0300000|100%| O|  |TAMS 0x00000000c0200000| PB 0x00000000c0200000| Untracked |  0
|   3|0x00000000c0300000, 0x00000000c0400000, 0x00000000c0400000|100%| O|  |TAMS 0x00000000c0300000| PB 0x00000000c0300000| Untracked |  0
|   4|0x00000000c0400000, 0x00000000c0500000, 0x00000000c0500000|100%| O|  |TAMS 0x00000000c0400000| PB 0x00000000c0400000| Untracked |  0
|   5|0x00000000c0500000, 0x00000000c0600000, 0x00000000c0600000|100%| O|  |TAMS 0x00000000c0500000| PB 0x00000000c0500000| Untracked |  0
|   6|0x00000000c0600000, 0x00000000c0700000, 0x00000000c0700000|100%| O|  |TAMS 0x00000000c0600000| PB 0x00000000c0600000| Untracked |  0
|   7|0x00000000c0700000, 0x00000000c0800000, 0x00000000c0800000|100%| O|  |TAMS 0x00000000c0700000| PB 0x00000000c0700000| Untracked |  0
|   8|0x00000000c0800000, 0x00000000c0900000, 0x00000000c0900000|100%| O|  |TAMS 0x00000000c0800000| PB 0x00000000c0800000| Untracked |  0
|   9|0x00000000c0900000, 0x00000000c0a00000, 0x00000000c0a00000|100%| O|Cm|TAMS 0x00000000c0900000| PB 0x00000000c0900000| Complete |  0
|  10|0x00000000c0a00000, 0x00000000c0b00000, 0x00000000c0b00000|100%|HS|  |TAMS 0x00000000c0a00000| PB 0x00000000c0a00000| Complete |  0
|  11|0x00000000c0b00000, 0x00000000c0c00000, 0x00000000c0c00000|100%| O|  |TAMS 0x00000000c0b00000| PB 0x00000000c0b00000| Untracked |  0
|  12|0x00000000c0c00000, 0x00000000c0d00000, 0x00000000c0d00000|100%|HS|  |TAMS 0x00000000c0c00000| PB 0x00000000c0c00000| Complete |  0
|  13|0x00000000c0d00000, 0x00000000c0e00000, 0x00000000c0e00000|100%|HS|  |TAMS 0x00000000c0d00000| PB 0x00000000c0d00000| Complete |  0
|  14|0x00000000c0e00000, 0x00000000c0f00000, 0x00000000c0f00000|100%|HS|  |TAMS 0x00000000c0e00000| PB 0x00000000c0e00000| Complete |  0
|  15|0x00000000c0f00000, 0x00000000c1000000, 0x00000000c1000000|100%|HS|  |TAMS 0x00000000c0f00000| PB 0x00000000c0f00000| Complete |  0
|  16|0x00000000c1000000, 0x00000000c1100000, 0x00000000c1100000|100%| O|  |TAMS 0x00000000c1000000| PB 0x00000000c1000000| Untracked |  0
|  17|0x00000000c1100000, 0x00000000c1200000, 0x00000000c1200000|100%| O|  |TAMS 0x00000000c1100000| PB 0x00000000c1100000| Untracked |  0
|  18|0x00000000c1200000, 0x00000000c1200000, 0x00000000c1300000|  0%| F|  |TAMS 0x00000000c1200000| PB 0x00000000c1200000| Untracked |  0
|  19|0x00000000c1300000, 0x00000000c13659a8, 0x00000000c1400000| 39%| O|  |TAMS 0x00000000c1300000| PB 0x00000000c1300000| Untracked |  0
|  20|0x00000000c1400000, 0x00000000c1400000, 0x00000000c1500000|  0%| F|  |TAMS 0x00000000c1400000| PB 0x00000000c1400000| Untracked |  0
|  21|0x00000000c1500000, 0x00000000c1500000, 0x00000000c1600000|  0%| F|  |TAMS 0x00000000c1500000| PB 0x00000000c1500000| Untracked |  0
|  22|0x00000000c1600000, 0x00000000c1600000, 0x00000000c1700000|  0%| F|  |TAMS 0x00000000c1600000| PB 0x00000000c1600000| Untracked |  0
|  23|0x00000000c1700000, 0x00000000c1700000, 0x00000000c1800000|  0%| F|  |TAMS 0x00000000c1700000| PB 0x00000000c1700000| Untracked |  0
|  24|0x00000000c1800000, 0x00000000c1800000, 0x00000000c1900000|  0%| F|  |TAMS 0x00000000c1800000| PB 0x00000000c1800000| Untracked |  0
|  25|0x00000000c1900000, 0x00000000c1900000, 0x00000000c1a00000|  0%| F|  |TAMS 0x00000000c1900000| PB 0x00000000c1900000| Untracked |  0
|  26|0x00000000c1a00000, 0x00000000c1a00000, 0x00000000c1b00000|  0%| F|  |TAMS 0x00000000c1a00000| PB 0x00000000c1a00000| Untracked |  0
|  27|0x00000000c1b00000, 0x00000000c1b00000, 0x00000000c1c00000|  0%| F|  |TAMS 0x00000000c1b00000| PB 0x00000000c1b00000| Untracked |  0
|  28|0x00000000c1c00000, 0x00000000c1c00000, 0x00000000c1d00000|  0%| F|  |TAMS 0x00000000c1c00000| PB 0x00000000c1c00000| Untracked |  0
|  29|0x00000000c1d00000, 0x00000000c1d00000, 0x00000000c1e00000|  0%| F|  |TAMS 0x00000000c1d00000| PB 0x00000000c1d00000| Untracked |  0
|  30|0x00000000c1e00000, 0x00000000c1e00000, 0x00000000c1f00000|  0%| F|  |TAMS 0x00000000c1e00000| PB 0x00000000c1e00000| Untracked |  0
|  31|0x00000000c1f00000, 0x00000000c1f00000, 0x00000000c2000000|  0%| F|  |TAMS 0x00000000c1f00000| PB 0x00000000c1f00000| Untracked |  0
|  32|0x00000000c2000000, 0x00000000c2000000, 0x00000000c2100000|  0%| F|  |TAMS 0x00000000c2000000| PB 0x00000000c2000000| Untracked |  0
|  33|0x00000000c2100000, 0x00000000c2100000, 0x00000000c2200000|  0%| F|  |TAMS 0x00000000c2100000| PB 0x00000000c2100000| Untracked |  0
|  34|0x00000000c2200000, 0x00000000c2200000, 0x00000000c2300000|  0%| F|  |TAMS 0x00000000c2200000| PB 0x00000000c2200000| Untracked |  0
|  35|0x00000000c2300000, 0x00000000c2300000, 0x00000000c2400000|  0%| F|  |TAMS 0x00000000c2300000| PB 0x00000000c2300000| Untracked |  0
|  36|0x00000000c2400000, 0x00000000c2400000, 0x00000000c2500000|  0%| F|  |TAMS 0x00000000c2400000| PB 0x00000000c2400000| Untracked |  0
|  37|0x00000000c2500000, 0x00000000c2500000, 0x00000000c2600000|  0%| F|  |TAMS 0x00000000c2500000| PB 0x00000000c2500000| Untracked |  0
|  38|0x00000000c2600000, 0x00000000c2600000, 0x00000000c2700000|  0%| F|  |TAMS 0x00000000c2600000| PB 0x00000000c2600000| Untracked |  0
|  39|0x00000000c2700000, 0x00000000c2700000, 0x00000000c2800000|  0%| F|  |TAMS 0x00000000c2700000| PB 0x00000000c2700000| Untracked |  0
|  40|0x00000000c2800000, 0x00000000c2800000, 0x00000000c2900000|  0%| F|  |TAMS 0x00000000c2800000| PB 0x00000000c2800000| Untracked |  0
|  41|0x00000000c2900000, 0x00000000c2900000, 0x00000000c2a00000|  0%| F|  |TAMS 0x00000000c2900000| PB 0x00000000c2900000| Untracked |  0
|  42|0x00000000c2a00000, 0x00000000c2a00000, 0x00000000c2b00000|  0%| F|  |TAMS 0x00000000c2a00000| PB 0x00000000c2a00000| Untracked |  0
|  43|0x00000000c2b00000, 0x00000000c2b00000, 0x00000000c2c00000|  0%| F|  |TAMS 0x00000000c2b00000| PB 0x00000000c2b00000| Untracked |  0
|  44|0x00000000c2c00000, 0x00000000c2c00000, 0x00000000c2d00000|  0%| F|  |TAMS 0x00000000c2c00000| PB 0x00000000c2c00000| Untracked |  0
|  45|0x00000000c2d00000, 0x00000000c2d00000, 0x00000000c2e00000|  0%| F|  |TAMS 0x00000000c2d00000| PB 0x00000000c2d00000| Untracked |  0
|  46|0x00000000c2e00000, 0x00000000c2f00000, 0x00000000c2f00000|100%| O|Cm|TAMS 0x00000000c2e00000| PB 0x00000000c2e00000| Complete |  0
|  47|0x00000000c2f00000, 0x00000000c3000000, 0x00000000c3000000|100%| O|Cm|TAMS 0x00000000c2f00000| PB 0x00000000c2f00000| Complete |  0
|  48|0x00000000c3000000, 0x00000000c3000000, 0x00000000c3100000|  0%| F|  |TAMS 0x00000000c3000000| PB 0x00000000c3000000| Untracked |  0
|  49|0x00000000c3100000, 0x00000000c3100000, 0x00000000c3200000|  0%| F|  |TAMS 0x00000000c3100000| PB 0x00000000c3100000| Untracked |  0
|  50|0x00000000c3200000, 0x00000000c3200000, 0x00000000c3300000|  0%| F|  |TAMS 0x00000000c3200000| PB 0x00000000c3200000| Untracked |  0
|  51|0x00000000c3300000, 0x00000000c3400000, 0x00000000c3400000|100%| O|  |TAMS 0x00000000c3300000| PB 0x00000000c3300000| Untracked |  0
|  52|0x00000000c3400000, 0x00000000c3500000, 0x00000000c3500000|100%| O|  |TAMS 0x00000000c3400000| PB 0x00000000c3400000| Untracked |  0
|  53|0x00000000c3500000, 0x00000000c3600000, 0x00000000c3600000|100%| O|Cm|TAMS 0x00000000c3500000| PB 0x00000000c3500000| Complete |  0
|  54|0x00000000c3600000, 0x00000000c3700000, 0x00000000c3700000|100%| O|Cm|TAMS 0x00000000c3600000| PB 0x00000000c3600000| Complete |  0
|  55|0x00000000c3700000, 0x00000000c3800000, 0x00000000c3800000|100%| O|  |TAMS 0x00000000c3700000| PB 0x00000000c3700000| Untracked |  0
|  56|0x00000000c3800000, 0x00000000c3900000, 0x00000000c3900000|100%| O|  |TAMS 0x00000000c3800000| PB 0x00000000c3800000| Untracked |  0
|  57|0x00000000c3900000, 0x00000000c3a00000, 0x00000000c3a00000|100%| O|  |TAMS 0x00000000c3900000| PB 0x00000000c3900000| Untracked |  0
|  58|0x00000000c3a00000, 0x00000000c3b00000, 0x00000000c3b00000|100%| O|  |TAMS 0x00000000c3a00000| PB 0x00000000c3a00000| Untracked |  0
|  59|0x00000000c3b00000, 0x00000000c3c00000, 0x00000000c3c00000|100%| O|  |TAMS 0x00000000c3b00000| PB 0x00000000c3b00000| Untracked |  0
|  60|0x00000000c3c00000, 0x00000000c3d00000, 0x00000000c3d00000|100%| O|  |TAMS 0x00000000c3c00000| PB 0x00000000c3c00000| Untracked |  0
|  61|0x00000000c3d00000, 0x00000000c3e00000, 0x00000000c3e00000|100%| O|  |TAMS 0x00000000c3d00000| PB 0x00000000c3d00000| Untracked |  0
|  62|0x00000000c3e00000, 0x00000000c3f00000, 0x00000000c3f00000|100%| O|  |TAMS 0x00000000c3e00000| PB 0x00000000c3e00000| Untracked |  0
|  63|0x00000000c3f00000, 0x00000000c4000000, 0x00000000c4000000|100%| O|  |TAMS 0x00000000c3f00000| PB 0x00000000c3f00000| Untracked |  0
|  64|0x00000000c4000000, 0x00000000c4100000, 0x00000000c4100000|100%| O|  |TAMS 0x00000000c4000000| PB 0x00000000c4000000| Untracked |  0
|  65|0x00000000c4100000, 0x00000000c4200000, 0x00000000c4200000|100%| O|  |TAMS 0x00000000c4100000| PB 0x00000000c4100000| Untracked |  0
|  66|0x00000000c4200000, 0x00000000c4200000, 0x00000000c4300000|  0%| F|  |TAMS 0x00000000c4200000| PB 0x00000000c4200000| Untracked |  0
|  67|0x00000000c4300000, 0x00000000c4300000, 0x00000000c4400000|  0%| F|  |TAMS 0x00000000c4300000| PB 0x00000000c4300000| Untracked |  0
|  68|0x00000000c4400000, 0x00000000c4400000, 0x00000000c4500000|  0%| F|  |TAMS 0x00000000c4400000| PB 0x00000000c4400000| Untracked |  0
|  69|0x00000000c4500000, 0x00000000c4500000, 0x00000000c4600000|  0%| F|  |TAMS 0x00000000c4500000| PB 0x00000000c4500000| Untracked |  0
|  70|0x00000000c4600000, 0x00000000c4600000, 0x00000000c4700000|  0%| F|  |TAMS 0x00000000c4600000| PB 0x00000000c4600000| Untracked |  0
|  71|0x00000000c4700000, 0x00000000c4700000, 0x00000000c4800000|  0%| F|  |TAMS 0x00000000c4700000| PB 0x00000000c4700000| Untracked |  0
|  72|0x00000000c4800000, 0x00000000c4800000, 0x00000000c4900000|  0%| F|  |TAMS 0x00000000c4800000| PB 0x00000000c4800000| Untracked |  0
|  73|0x00000000c4900000, 0x00000000c4900000, 0x00000000c4a00000|  0%| F|  |TAMS 0x00000000c4900000| PB 0x00000000c4900000| Untracked |  0
|  74|0x00000000c4a00000, 0x00000000c4a00000, 0x00000000c4b00000|  0%| F|  |TAMS 0x00000000c4a00000| PB 0x00000000c4a00000| Untracked |  0
|  75|0x00000000c4b00000, 0x00000000c4b00000, 0x00000000c4c00000|  0%| F|  |TAMS 0x00000000c4b00000| PB 0x00000000c4b00000| Untracked |  0
|  76|0x00000000c4c00000, 0x00000000c4c00000, 0x00000000c4d00000|  0%| F|  |TAMS 0x00000000c4c00000| PB 0x00000000c4c00000| Untracked |  0
|  77|0x00000000c4d00000, 0x00000000c4d00000, 0x00000000c4e00000|  0%| F|  |TAMS 0x00000000c4d00000| PB 0x00000000c4d00000| Untracked |  0
|  78|0x00000000c4e00000, 0x00000000c4e00000, 0x00000000c4f00000|  0%| F|  |TAMS 0x00000000c4e00000| PB 0x00000000c4e00000| Untracked |  0
|  79|0x00000000c4f00000, 0x00000000c4f00000, 0x00000000c5000000|  0%| F|  |TAMS 0x00000000c4f00000| PB 0x00000000c4f00000| Untracked |  0
|  80|0x00000000c5000000, 0x00000000c5000000, 0x00000000c5100000|  0%| F|  |TAMS 0x00000000c5000000| PB 0x00000000c5000000| Untracked |  0
|  81|0x00000000c5100000, 0x00000000c5100000, 0x00000000c5200000|  0%| F|  |TAMS 0x00000000c5100000| PB 0x00000000c5100000| Untracked |  0
|  82|0x00000000c5200000, 0x00000000c5200000, 0x00000000c5300000|  0%| F|  |TAMS 0x00000000c5200000| PB 0x00000000c5200000| Untracked |  0
|  83|0x00000000c5300000, 0x00000000c5400000, 0x00000000c5400000|100%| S|CS|TAMS 0x00000000c5300000| PB 0x00000000c5300000| Complete |  0
|  84|0x00000000c5400000, 0x00000000c5500000, 0x00000000c5500000|100%| S|CS|TAMS 0x00000000c5400000| PB 0x00000000c5400000| Complete |  0
|  85|0x00000000c5500000, 0x00000000c5600000, 0x00000000c5600000|100%| S|CS|TAMS 0x00000000c5500000| PB 0x00000000c5500000| Complete |  0
|  86|0x00000000c5600000, 0x00000000c5700000, 0x00000000c5700000|100%| S|CS|TAMS 0x00000000c5600000| PB 0x00000000c5600000| Complete |  0
|  87|0x00000000c5700000, 0x00000000c5800000, 0x00000000c5800000|100%| S|CS|TAMS 0x00000000c5700000| PB 0x00000000c5700000| Complete |  0
|  88|0x00000000c5800000, 0x00000000c5900000, 0x00000000c5900000|100%| S|CS|TAMS 0x00000000c5800000| PB 0x00000000c5800000| Complete |  0
|  89|0x00000000c5900000, 0x00000000c5a00000, 0x00000000c5a00000|100%| S|CS|TAMS 0x00000000c5900000| PB 0x00000000c5900000| Complete |  0
|  90|0x00000000c5a00000, 0x00000000c5b00000, 0x00000000c5b00000|100%| S|CS|TAMS 0x00000000c5a00000| PB 0x00000000c5a00000| Complete |  0
|  91|0x00000000c5b00000, 0x00000000c5b00000, 0x00000000c5c00000|  0%| F|  |TAMS 0x00000000c5b00000| PB 0x00000000c5b00000| Untracked |  0
|  92|0x00000000c5c00000, 0x00000000c5c00000, 0x00000000c5d00000|  0%| F|  |TAMS 0x00000000c5c00000| PB 0x00000000c5c00000| Untracked |  0
|  93|0x00000000c5d00000, 0x00000000c5d00000, 0x00000000c5e00000|  0%| F|  |TAMS 0x00000000c5d00000| PB 0x00000000c5d00000| Untracked |  0
|  94|0x00000000c5e00000, 0x00000000c5e00000, 0x00000000c5f00000|  0%| F|  |TAMS 0x00000000c5e00000| PB 0x00000000c5e00000| Untracked |  0
|  95|0x00000000c5f00000, 0x00000000c6000000, 0x00000000c6000000|100%| E|  |TAMS 0x00000000c5f00000| PB 0x00000000c5f00000| Complete |  0
|  96|0x00000000c6000000, 0x00000000c6100000, 0x00000000c6100000|100%| E|CS|TAMS 0x00000000c6000000| PB 0x00000000c6000000| Complete |  0
|  97|0x00000000c6100000, 0x00000000c6200000, 0x00000000c6200000|100%| E|CS|TAMS 0x00000000c6100000| PB 0x00000000c6100000| Complete |  0
|  98|0x00000000c6200000, 0x00000000c6300000, 0x00000000c6300000|100%| E|  |TAMS 0x00000000c6200000| PB 0x00000000c6200000| Complete |  0
|  99|0x00000000c6300000, 0x00000000c6400000, 0x00000000c6400000|100%| E|CS|TAMS 0x00000000c6300000| PB 0x00000000c6300000| Complete |  0
| 100|0x00000000c6400000, 0x00000000c6500000, 0x00000000c6500000|100%| E|CS|TAMS 0x00000000c6400000| PB 0x00000000c6400000| Complete |  0
| 101|0x00000000c6500000, 0x00000000c6600000, 0x00000000c6600000|100%| E|CS|TAMS 0x00000000c6500000| PB 0x00000000c6500000| Complete |  0
| 102|0x00000000c6600000, 0x00000000c6700000, 0x00000000c6700000|100%| E|CS|TAMS 0x00000000c6600000| PB 0x00000000c6600000| Complete |  0
| 103|0x00000000c6700000, 0x00000000c6800000, 0x00000000c6800000|100%| E|CS|TAMS 0x00000000c6700000| PB 0x00000000c6700000| Complete |  0
| 104|0x00000000c6800000, 0x00000000c6900000, 0x00000000c6900000|100%| E|CS|TAMS 0x00000000c6800000| PB 0x00000000c6800000| Complete |  0
| 105|0x00000000c6900000, 0x00000000c6a00000, 0x00000000c6a00000|100%| E|CS|TAMS 0x00000000c6900000| PB 0x00000000c6900000| Complete |  0
| 106|0x00000000c6a00000, 0x00000000c6b00000, 0x00000000c6b00000|100%| E|CS|TAMS 0x00000000c6a00000| PB 0x00000000c6a00000| Complete |  0
| 107|0x00000000c6b00000, 0x00000000c6c00000, 0x00000000c6c00000|100%| E|CS|TAMS 0x00000000c6b00000| PB 0x00000000c6b00000| Complete |  0
| 108|0x00000000c6c00000, 0x00000000c6d00000, 0x00000000c6d00000|100%| E|CS|TAMS 0x00000000c6c00000| PB 0x00000000c6c00000| Complete |  0
| 109|0x00000000c6d00000, 0x00000000c6e00000, 0x00000000c6e00000|100%| E|CS|TAMS 0x00000000c6d00000| PB 0x00000000c6d00000| Complete |  0
| 110|0x00000000c6e00000, 0x00000000c6f00000, 0x00000000c6f00000|100%| E|CS|TAMS 0x00000000c6e00000| PB 0x00000000c6e00000| Complete |  0
| 111|0x00000000c6f00000, 0x00000000c7000000, 0x00000000c7000000|100%| E|CS|TAMS 0x00000000c6f00000| PB 0x00000000c6f00000| Complete |  0
| 112|0x00000000c7000000, 0x00000000c7100000, 0x00000000c7100000|100%| E|CS|TAMS 0x00000000c7000000| PB 0x00000000c7000000| Complete |  0
| 113|0x00000000c7100000, 0x00000000c7200000, 0x00000000c7200000|100%| E|CS|TAMS 0x00000000c7100000| PB 0x00000000c7100000| Complete |  0
| 114|0x00000000c7200000, 0x00000000c7300000, 0x00000000c7300000|100%| E|CS|TAMS 0x00000000c7200000| PB 0x00000000c7200000| Complete |  0
| 115|0x00000000c7300000, 0x00000000c7400000, 0x00000000c7400000|100%| E|CS|TAMS 0x00000000c7300000| PB 0x00000000c7300000| Complete |  0
| 116|0x00000000c7400000, 0x00000000c7500000, 0x00000000c7500000|100%| E|CS|TAMS 0x00000000c7400000| PB 0x00000000c7400000| Complete |  0
| 117|0x00000000c7500000, 0x00000000c7600000, 0x00000000c7600000|100%| E|CS|TAMS 0x00000000c7500000| PB 0x00000000c7500000| Complete |  0
| 118|0x00000000c7600000, 0x00000000c7700000, 0x00000000c7700000|100%| E|CS|TAMS 0x00000000c7600000| PB 0x00000000c7600000| Complete |  0
| 119|0x00000000c7700000, 0x00000000c7800000, 0x00000000c7800000|100%| E|CS|TAMS 0x00000000c7700000| PB 0x00000000c7700000| Complete |  0
| 120|0x00000000c7800000, 0x00000000c7900000, 0x00000000c7900000|100%| E|CS|TAMS 0x00000000c7800000| PB 0x00000000c7800000| Complete |  0
| 121|0x00000000c7900000, 0x00000000c7a00000, 0x00000000c7a00000|100%| E|CS|TAMS 0x00000000c7900000| PB 0x00000000c7900000| Complete |  0
| 122|0x00000000c7a00000, 0x00000000c7b00000, 0x00000000c7b00000|100%| E|CS|TAMS 0x00000000c7a00000| PB 0x00000000c7a00000| Complete |  0
| 123|0x00000000c7b00000, 0x00000000c7c00000, 0x00000000c7c00000|100%| E|CS|TAMS 0x00000000c7b00000| PB 0x00000000c7b00000| Complete |  0
| 124|0x00000000c7c00000, 0x00000000c7d00000, 0x00000000c7d00000|100%| E|CS|TAMS 0x00000000c7c00000| PB 0x00000000c7c00000| Complete |  0
| 125|0x00000000c7d00000, 0x00000000c7e00000, 0x00000000c7e00000|100%| E|CS|TAMS 0x00000000c7d00000| PB 0x00000000c7d00000| Complete |  0
| 126|0x00000000c7e00000, 0x00000000c7f00000, 0x00000000c7f00000|100%| E|CS|TAMS 0x00000000c7e00000| PB 0x00000000c7e00000| Complete |  0
| 179|0x00000000cb300000, 0x00000000cb400000, 0x00000000cb400000|100%| E|CS|TAMS 0x00000000cb300000| PB 0x00000000cb300000| Complete |  0
| 180|0x00000000cb400000, 0x00000000cb500000, 0x00000000cb500000|100%| E|CS|TAMS 0x00000000cb400000| PB 0x00000000cb400000| Complete |  0
|1021|0x00000000ffd00000, 0x00000000ffe00000, 0x00000000ffe00000|100%| E|CS|TAMS 0x00000000ffd00000| PB 0x00000000ffd00000| Complete |  0

Card table byte_map: [0x000071956fe00000,0x0000719570000000] _byte_map_base: 0x000071956f800000

Marking Bits: (CMBitMap*) 0x0000719584074690
 Bits: [0x000071956ee00000, 0x000071956fe00000)

Polling page: 0x000071958a446000

Metaspace:
Metaspace        used 55020K, committed 56448K, reserved 1114112K
 class space     used 6402K, committed 7040K, reserved 1048576K

Usage:
  Non-class:     47.48 MB used.
      Class:      6.25 MB used.
       Both:     53.73 MB used.

Virtual space:
  Non-class space:       64.00 MB reserved,      48.25 MB ( 75%) committed,  1 nodes.
      Class space:        1.00 GB reserved,       6.88 MB ( <1%) committed,  1 nodes.
             Both:        1.06 GB reserved,      55.12 MB (  5%) committed. 

Chunk freelists:
   Non-Class:  15.17 MB
       Class:  9.05 MB
        Both:  24.22 MB

MaxMetaspaceSize: unlimited
CompressedClassSpaceSize: 1.00 GB
Initial GC threshold: 21.00 MB
Current GC threshold: 81.69 MB
CDS: off
 - commit_granule_bytes: 65536.
 - commit_granule_words: 8192.
 - virtual_space_node_default_size: 8388608.
 - enlarge_chunks_in_place: 1.
UseCompressedClassPointers 1, UseCompactObjectHeaders 0
Narrow klass pointer bits 32, Max shift 3
Narrow klass base: 0x0000000000000000, Narrow klass shift: 0
Encoding Range: [0x0000000000000000 - 0x0000000100000000), (4294967296 bytes)
Klass Range:    [0x000000004e000000 - 0x000000008e000000), (1073741824 bytes)
Klass ID Range:  [1308622848 - 2382364665) (1073741817)
No protection zone.


Internal statistics:

num_allocs_failed_limit: 6.
num_arena_births: 628.
num_arena_deaths: 0.
num_vsnodes_births: 2.
num_vsnodes_deaths: 0.
num_space_committed: 882.
num_space_uncommitted: 0.
num_chunks_returned_to_freelist: 6.
num_chunks_taken_from_freelist: 2662.
num_chunk_merges: 3.
num_chunk_splits: 1664.
num_chunks_enlarged: 1044.
num_inconsistent_stats: 0.

CodeHeap 'non-profiled nmethods': size=119168Kb used=3088Kb max_used=3116Kb free=116079Kb
 bounds [0x0000719578a39000, 0x0000719578d49000, 0x000071957fe99000]
CodeHeap 'profiled nmethods': size=119168Kb used=11089Kb max_used=11089Kb free=108079Kb
 bounds [0x0000719570e98000, 0x0000719571978000, 0x00007195782f8000]
CodeHeap 'non-nmethods': size=7428Kb used=3576Kb max_used=3718Kb free=3851Kb
 bounds [0x00007195782f8000, 0x00007195786b8000, 0x0000719578a39000]
CodeCache: size=245764Kb, used=17753Kb, max_used=17923Kb, free=228009Kb
 total_blobs=7829, nmethods=6931, adapters=798, full_count=0
Compilation: enabled, stopped_count=0, restarted_count=0

Compilation events (20 events):
Event: 10.438 Thread 0x0000719524295670 nmethod 7834 0x0000719571965c88 code [0x0000719571965d80, 0x0000719571965f78]
Event: 10.438 Thread 0x0000719524295670 7835       3       java.util.WeakHashMap::transfer (104 bytes)
Event: 10.439 Thread 0x0000719530078b20 7836       3       java.lang.invoke.MethodType::methodType (100 bytes)
Event: 10.439 Thread 0x000071953007a450 7837       3       java.lang.invoke.BoundMethodHandle$Species_LLL::make (14 bytes)
Event: 10.439 Thread 0x00007195841870f0 7838       3       java.lang.invoke.BoundMethodHandle$Species_LLL::<init> (24 bytes)
Event: 10.439 Thread 0x000071953007a450 nmethod 7837 0x0000719571965f88 code [0x0000719571966080, 0x00007195719663a8]
Event: 10.439 Thread 0x00007195841870f0 nmethod 7838 0x0000719571966408 code [0x0000719571966500, 0x00007195719667e8]
Event: 10.439 Thread 0x0000719524295670 nmethod 7835 0x0000719571966808 code [0x0000719571966900, 0x0000719571967160]
Event: 10.439 Thread 0x000071953007a450 7839       3       org.eclipse.e4.core.commands.ExpressionContext::<init> (10 bytes)
Event: 10.440 Thread 0x0000719530078b20 nmethod 7836 0x0000719571967188 code [0x0000719571967280, 0x00007195719679c0]
Event: 10.440 Thread 0x000071953007a450 nmethod 7839 0x0000719571967a08 code [0x0000719571967b00, 0x0000719571967ca8]
Event: 10.442 Thread 0x0000719524295670 7840       3       org.eclipse.core.expressions.CompositeExpression::<init> (5 bytes)
Event: 10.442 Thread 0x0000719524295670 nmethod 7840 0x0000719571967d08 code [0x0000719571967e00, 0x0000719571967fc0]
Event: 10.443 Thread 0x0000719530078b20 7841       3       org.eclipse.swt.widgets.EventTable::hooks (47 bytes)
Event: 10.443 Thread 0x00007195841870f0 7842       3       org.eclipse.core.commands.ParameterizedCommand::getId (8 bytes)
Event: 10.443 Thread 0x0000719530078b20 nmethod 7841 0x0000719571968008 code [0x0000719571968100, 0x0000719571968380]
Event: 10.443 Thread 0x00007195841870f0 nmethod 7842 0x0000719571968408 code [0x0000719571968500, 0x0000719571968698]
Event: 10.445 Thread 0x0000719524295670 7843       3       org.eclipse.e4.ui.model.application.impl.ApplicationElementImpl::eIsSet (191 bytes)
Event: 10.446 Thread 0x0000719524295670 nmethod 7843 0x0000719571968708 code [0x0000719571968800, 0x0000719571968f48]
Event: 10.448 Thread 0x000071952842e440 7844   !   4       org.eclipse.osgi.internal.loader.BundleLoader::findLocalClass (159 bytes)

GC Heap Usage History (20 events):
Event: 5.743 {heap Before GC invocations=4 (full 0):
 garbage-first heap   total reserved 1048576K, committed 65536K, used 45056K [0x00000000c0000000, 0x0000000100000000)
  region size 1024K, 28 young (28672K), 5 survivors (5120K)
}
Event: 5.756 {heap After GC invocations=5 (full 0):
 garbage-first heap   total reserved 1048576K, committed 68608K, used 39936K [0x00000000c0000000, 0x0000000100000000)
  region size 1024K, 4 young (4096K), 4 survivors (4096K)
}
Event: 5.778 {heap Before GC invocations=5 (full 0):
 garbage-first heap   total reserved 1048576K, committed 68608K, used 51200K [0x00000000c0000000, 0x0000000100000000)
  region size 1024K, 15 young (15360K), 4 survivors (4096K)
}
Event: 5.784 {heap After GC invocations=6 (full 0):
 garbage-first heap   total reserved 1048576K, committed 68608K, used 47104K [0x00000000c0000000, 0x0000000100000000)
  region size 1024K, 2 young (2048K), 2 survivors (2048K)
}
Event: 5.798 {heap Before GC invocations=6 (full 0):
 garbage-first heap   total reserved 1048576K, committed 68608K, used 56320K [0x00000000c0000000, 0x0000000100000000)
  region size 1024K, 11 young (11264K), 2 survivors (2048K)
}
Event: 5.801 {heap After GC invocations=7 (full 0):
 garbage-first heap   total reserved 1048576K, committed 68608K, used 50150K [0x00000000c0000000, 0x0000000100000000)
  region size 1024K, 2 young (2048K), 2 survivors (2048K)
}
Event: 5.818 {heap Before GC invocations=8 (full 0):
 garbage-first heap   total reserved 1048576K, committed 83968K, used 58342K [0x00000000c0000000, 0x0000000100000000)
  region size 1024K, 10 young (10240K), 2 survivors (2048K)
}
Event: 5.822 {heap After GC invocations=9 (full 0):
 garbage-first heap   total reserved 1048576K, committed 189440K, used 52382K [0x00000000c0000000, 0x0000000100000000)
  region size 1024K, 2 young (2048K), 2 survivors (2048K)
}
Event: 6.303 {heap Before GC invocations=9 (full 0):
 garbage-first heap   total reserved 1048576K, committed 189440K, used 109726K [0x00000000c0000000, 0x0000000100000000)
  region size 1024K, 58 young (59392K), 2 survivors (2048K)
}
Event: 6.317 {heap After GC invocations=10 (full 0):
 garbage-first heap   total reserved 1048576K, committed 189440K, used 62587K [0x00000000c0000000, 0x0000000100000000)
  region size 1024K, 8 young (8192K), 8 survivors (8192K)
}
Event: 7.537 {heap Before GC invocations=10 (full 0):
 garbage-first heap   total reserved 1048576K, committed 189440K, used 111739K [0x00000000c0000000, 0x0000000100000000)
  region size 1024K, 57 young (58368K), 8 survivors (8192K)
}
Event: 7.545 {heap After GC invocations=11 (full 0):
 garbage-first heap   total reserved 1048576K, committed 189440K, used 69100K [0x00000000c0000000, 0x0000000100000000)
  region size 1024K, 8 young (8192K), 8 survivors (8192K)
}
Event: 7.861 {heap Before GC invocations=11 (full 0):
 garbage-first heap   total reserved 1048576K, committed 189440K, used 70124K [0x00000000c0000000, 0x0000000100000000)
  region size 1024K, 10 young (10240K), 8 survivors (8192K)
}
Event: 7.867 {heap After GC invocations=12 (full 0):
 garbage-first heap   total reserved 1048576K, committed 189440K, used 71069K [0x00000000c0000000, 0x0000000100000000)
  region size 1024K, 2 young (2048K), 2 survivors (2048K)
}
Event: 8.452 {heap Before GC invocations=13 (full 0):
 garbage-first heap   total reserved 1048576K, committed 133120K, used 96669K [0x00000000c0000000, 0x0000000100000000)
  region size 1024K, 58 young (59392K), 2 survivors (2048K)
}
Event: 8.456 {heap After GC invocations=14 (full 0):
 garbage-first heap   total reserved 1048576K, committed 133120K, used 41549K [0x00000000c0000000, 0x0000000100000000)
  region size 1024K, 3 young (3072K), 3 survivors (3072K)
}
Event: 8.688 {heap Before GC invocations=14 (full 0):
 garbage-first heap   total reserved 1048576K, committed 133120K, used 92749K [0x00000000c0000000, 0x0000000100000000)
  region size 1024K, 53 young (54272K), 3 survivors (3072K)
}
Event: 8.692 {heap After GC invocations=15 (full 0):
 garbage-first heap   total reserved 1048576K, committed 133120K, used 35121K [0x00000000c0000000, 0x0000000100000000)
  region size 1024K, 4 young (4096K), 4 survivors (4096K)
}
Event: 9.795 {heap Before GC invocations=15 (full 0):
 garbage-first heap   total reserved 1048576K, committed 133120K, used 79153K [0x00000000c0000000, 0x0000000100000000)
  region size 1024K, 43 young (44032K), 4 survivors (4096K)
}
Event: 9.801 {heap After GC invocations=16 (full 0):
 garbage-first heap   total reserved 1048576K, committed 133120K, used 41366K [0x00000000c0000000, 0x0000000100000000)
  region size 1024K, 8 young (8192K), 8 survivors (8192K)
}

Metaspace Usage History (20 events):
Event: 5.743 {metaspace Before GC invocations=4 (full 0):
 Metaspace       used 17686K, committed 17856K, reserved 1114112K
  class space    used 1729K, committed 1792K, reserved 1048576K
}
Event: 5.756 {metaspace After GC invocations=5 (full 0):
 Metaspace       used 17686K, committed 17856K, reserved 1114112K
  class space    used 1729K, committed 1792K, reserved 1048576K
}
Event: 5.779 {metaspace Before GC invocations=5 (full 0):
 Metaspace       used 17706K, committed 17856K, reserved 1114112K
  class space    used 1729K, committed 1792K, reserved 1048576K
}
Event: 5.784 {metaspace After GC invocations=6 (full 0):
 Metaspace       used 17706K, committed 17856K, reserved 1114112K
  class space    used 1729K, committed 1792K, reserved 1048576K
}
Event: 5.798 {metaspace Before GC invocations=6 (full 0):
 Metaspace       used 17709K, committed 17856K, reserved 1114112K
  class space    used 1729K, committed 1792K, reserved 1048576K
}
Event: 5.801 {metaspace After GC invocations=7 (full 0):
 Metaspace       used 17709K, committed 17856K, reserved 1114112K
  class space    used 1729K, committed 1792K, reserved 1048576K
}
Event: 5.818 {metaspace Before GC invocations=8 (full 0):
 Metaspace       used 17709K, committed 17856K, reserved 1114112K
  class space    used 1729K, committed 1792K, reserved 1048576K
}
Event: 5.822 {metaspace After GC invocations=9 (full 0):
 Metaspace       used 17709K, committed 17856K, reserved 1114112K
  class space    used 1729K, committed 1792K, reserved 1048576K
}
Event: 6.303 {metaspace Before GC invocations=9 (full 0):
 Metaspace       used 20742K, committed 20992K, reserved 1114112K
  class space    used 2062K, committed 2176K, reserved 1048576K
}
Event: 6.317 {metaspace After GC invocations=10 (full 0):
 Metaspace       used 20742K, committed 20992K, reserved 1114112K
  class space    used 2062K, committed 2176K, reserved 1048576K
}
Event: 7.537 {metaspace Before GC invocations=10 (full 0):
 Metaspace       used 27696K, committed 28352K, reserved 1114112K
  class space    used 2841K, committed 3136K, reserved 1048576K
}
Event: 7.545 {metaspace After GC invocations=11 (full 0):
 Metaspace       used 27696K, committed 28352K, reserved 1114112K
  class space    used 2841K, committed 3136K, reserved 1048576K
}
Event: 7.861 {metaspace Before GC invocations=11 (full 0):
 Metaspace       used 29115K, committed 29760K, reserved 1114112K
  class space    used 2986K, committed 3264K, reserved 1048576K
}
Event: 7.867 {metaspace After GC invocations=12 (full 0):
 Metaspace       used 29115K, committed 29760K, reserved 1114112K
  class space    used 2986K, committed 3264K, reserved 1048576K
}
Event: 8.452 {metaspace Before GC invocations=13 (full 0):
 Metaspace       used 33885K, committed 34624K, reserved 1114112K
  class space    used 3602K, committed 3904K, reserved 1048576K
}
Event: 8.456 {metaspace After GC invocations=14 (full 0):
 Metaspace       used 33885K, committed 34624K, reserved 1114112K
  class space    used 3602K, committed 3904K, reserved 1048576K
}
Event: 8.688 {metaspace Before GC invocations=14 (full 0):
 Metaspace       used 36230K, committed 37056K, reserved 1114112K
  class space    used 3841K, committed 4224K, reserved 1048576K
}
Event: 8.692 {metaspace After GC invocations=15 (full 0):
 Metaspace       used 36230K, committed 37056K, reserved 1114112K
  class space    used 3841K, committed 4224K, reserved 1048576K
}
Event: 9.795 {metaspace Before GC invocations=15 (full 0):
 Metaspace       used 48817K, committed 49856K, reserved 1114112K
  class space    used 5603K, committed 6080K, reserved 1048576K
}
Event: 9.801 {metaspace After GC invocations=16 (full 0):
 Metaspace       used 48817K, committed 49856K, reserved 1114112K
  class space    used 5603K, committed 6080K, reserved 1048576K
}

Dll operation events (20 events):
Event: 0.124 Loaded shared library /snap/dbeaver-ce/549/usr/share/dbeaver-ce/jre/lib/libjava.so
Event: 0.346 Loaded shared library /snap/dbeaver-ce/549/usr/share/dbeaver-ce/jre/lib/libsimdsort.so
Event: 0.502 Loaded shared library /snap/dbeaver-ce/549/usr/share/dbeaver-ce/jre/lib/libnio.so
Event: 0.515 Loaded shared library /snap/dbeaver-ce/549/usr/share/dbeaver-ce/jre/lib/libzip.so
Event: 0.573 Loaded shared library /snap/dbeaver-ce/549/usr/share/dbeaver-ce/jre/lib/libnet.so
Event: 0.665 Loaded shared library /snap/dbeaver-ce/549/usr/share/dbeaver-ce/jre/lib/libjimage.so
Event: 0.835 Loaded shared library /snap/dbeaver-ce/549/usr/share/dbeaver-ce/plugins/org.eclipse.equinox.launcher.gtk.linux.x86_64_1.2.1500.v20250801-0854/eclipse_11916.so
Event: 7.269 Loaded shared library /snap/dbeaver-ce/549/usr/share/dbeaver-ce/jre/lib/libverify.so
Event: 7.332 Loaded shared library /home/mcypher/snap/dbeaver-ce/549/.local/share/DBeaverData/install-data/org.jkiss.dbeaver.product/26.2.0-202608301738/org.eclipse.osgi/152/0/.cp/libswt-gtk-4973r12.so
Event: 7.335 Loaded shared library /home/mcypher/snap/dbeaver-ce/549/.local/share/DBeaverData/install-data/org.jkiss.dbeaver.product/26.2.0-202608301738/org.eclipse.osgi/152/0/.cp/libswt-pi3-gtk-4973r12.so
Event: 7.595 Loaded shared library /snap/dbeaver-ce/549/usr/share/dbeaver-ce/jre/lib/libawt.so
Event: 7.610 Loaded shared library /snap/dbeaver-ce/549/usr/share/dbeaver-ce/jre/lib/libawt_xawt.so
Event: 7.834 Loaded shared library /snap/dbeaver-ce/549/usr/share/dbeaver-ce/jre/lib/libfontmanager.so
Event: 8.674 Loaded shared library /snap/dbeaver-ce/549/usr/share/dbeaver-ce/jre/lib/libmanagement.so
Event: 8.678 Loaded shared library /snap/dbeaver-ce/549/usr/share/dbeaver-ce/jre/lib/libmanagement_ext.so
Event: 8.797 Loaded shared library /snap/dbeaver-ce/549/usr/share/dbeaver-ce/jre/lib/libjaas.so
Event: 8.829 Loaded shared library /home/mcypher/snap/dbeaver-ce/549/.local/share/DBeaverData/install-data/org.jkiss.dbeaver.product/26.2.0-202608301738/org.eclipse.osgi/49/0/.cp/os/linux/x86_64/libunixfile_1_0_0.so
Event: 8.949 Loaded shared library /home/mcypher/snap/dbeaver-ce/549/.local/share/DBeaverData/install-data/org.jkiss.dbeaver.product/26.2.0-202608301738/org.eclipse.osgi/152/0/.cp/libswt-cairo-gtk-4973r12.so
Event: 9.044 Loaded shared library /snap/dbeaver-ce/549/usr/share/dbeaver-ce/jre/lib/libextnet.so
Event: 9.648 Loaded shared library /home/mcypher/snap/dbeaver-ce/549/.local/share/DBeaverData/install-data/org.jkiss.dbeaver.product/26.2.0-202608301738/org.eclipse.osgi/152/0/.cp/libswt-atk-gtk-4973r12.so

Deoptimization events (20 events):
Event: 10.362 Thread 0x000071958402ee60 DEOPT PACKING pc=0x0000719578bedfcc sp=0x00007195889025f0
Event: 10.362 Thread 0x000071958402ee60 DEOPT UNPACKING pc=0x0000719578419779 sp=0x00007195889025b8 mode 2
Event: 10.363 Thread 0x000071958402ee60 Uncommon trap: trap_request=0xffffffde fr.pc=0x0000719578bedfcc relative=0x000000000000154c
Event: 10.363 Thread 0x000071958402ee60 Uncommon trap: reason=class_check action=maybe_recompile pc=0x0000719578bedfcc method=org.eclipse.e4.core.internal.contexts.EclipseContext.internalGet(Lorg/eclipse/e4/core/internal/contexts/EclipseContext;Ljava/lang/String;Z)Ljava/lang/Object; @ 163 c2
Event: 10.363 Thread 0x000071958402ee60 DEOPT PACKING pc=0x0000719578bedfcc sp=0x00007195889025b0
Event: 10.363 Thread 0x000071958402ee60 DEOPT UNPACKING pc=0x0000719578419779 sp=0x0000719588902578 mode 2
Event: 10.364 Thread 0x000071958402ee60 Uncommon trap: trap_request=0xffffffde fr.pc=0x0000719578cec004 relative=0x0000000000000084
Event: 10.364 Thread 0x000071958402ee60 Uncommon trap: reason=class_check action=maybe_recompile pc=0x0000719578cec004 method=org.eclipse.emf.common.notify.impl.BasicNotifierImpl.eNotificationRequired()Z @ 8 c2
Event: 10.364 Thread 0x000071958402ee60 DEOPT PACKING pc=0x0000719578cec004 sp=0x00007195889026d0
Event: 10.364 Thread 0x000071958402ee60 DEOPT UNPACKING pc=0x0000719578419779 sp=0x0000719588902680 mode 2
Event: 10.404 Thread 0x000071958402ee60 DEOPT PACKING pc=0x0000719571920f2f sp=0x0000719588902000
Event: 10.404 Thread 0x000071958402ee60 DEOPT UNPACKING pc=0x0000719578348fef sp=0x00007195889014d0 mode 0
Event: 10.404 Thread 0x000071958402ee60 DEOPT PACKING pc=0x0000719571920f97 sp=0x0000719588901f80
Event: 10.404 Thread 0x000071958402ee60 DEOPT UNPACKING pc=0x0000719578348fef sp=0x0000719588901450 mode 0
Event: 10.405 Thread 0x000071958402ee60 DEOPT PACKING pc=0x0000719571920f97 sp=0x0000719588902000
Event: 10.405 Thread 0x000071958402ee60 DEOPT UNPACKING pc=0x0000719578348fef sp=0x00007195889014d0 mode 0
Event: 10.405 Thread 0x000071958402ee60 DEOPT PACKING pc=0x0000719571920f2f sp=0x0000719588902000
Event: 10.405 Thread 0x000071958402ee60 DEOPT UNPACKING pc=0x0000719578348fef sp=0x00007195889014d0 mode 0
Event: 10.406 Thread 0x000071958402ee60 DEOPT PACKING pc=0x0000719571920f2f sp=0x0000719588901f80
Event: 10.406 Thread 0x000071958402ee60 DEOPT UNPACKING pc=0x0000719578348fef sp=0x0000719588901450 mode 0

Classes loaded (20 events):
Event: 10.401 Loading class java/util/concurrent/CompletableFuture$AsyncSupply
Event: 10.401 Loading class java/util/concurrent/CompletableFuture$AsyncSupply done
Event: 10.401 Loading class java/util/concurrent/ForkJoinTask$Aux
Event: 10.401 Loading class java/util/concurrent/ForkJoinTask$Aux done
Event: 10.402 Loading class java/util/concurrent/CompletableFuture$UniAccept
Event: 10.402 Loading class java/util/concurrent/CompletableFuture$UniCompletion
Event: 10.402 Loading class java/util/concurrent/CompletableFuture$UniCompletion done
Event: 10.402 Loading class java/util/concurrent/CompletableFuture$UniAccept done
Event: 10.410 Loading class java/text/CollationElementIterator
Event: 10.410 Loading class java/text/CollationElementIterator done
Event: 10.410 Loading class sun/text/CollatorUtilities
Event: 10.410 Loading class sun/text/CollatorUtilities done
Event: 10.411 Loading class jdk/internal/icu/text/UCharacterIterator
Event: 10.411 Loading class jdk/internal/icu/text/UCharacterIterator done
Event: 10.411 Loading class jdk/internal/icu/impl/ReplaceableUCharacterIterator
Event: 10.411 Loading class jdk/internal/icu/impl/ReplaceableUCharacterIterator done
Event: 10.411 Loading class jdk/internal/icu/text/ReplaceableString
Event: 10.411 Loading class jdk/internal/icu/text/Replaceable
Event: 10.411 Loading class jdk/internal/icu/text/Replaceable done
Event: 10.411 Loading class jdk/internal/icu/text/ReplaceableString done

Classes unloaded (0 events):
No events

Classes redefined (0 events):
No events

Internal exceptions (20 events):
Event: 10.111 Thread 0x000071958402ee60 Exception <a 'java/io/FileNotFoundException'{0x00000000c71caeb8}> (0x00000000c71caeb8) 
thrown [src/hotspot/share/prims/jni.cpp, line 516]
Event: 10.112 Thread 0x000071958402ee60 Exception <a 'java/io/FileNotFoundException'{0x00000000c71cc148}> (0x00000000c71cc148) 
thrown [src/hotspot/share/prims/jni.cpp, line 516]
Event: 10.245 Thread 0x000071958402ee60 Exception <a 'java/lang/NoSuchMethodError'{0x00000000c6c9a5a8}: 'void java.lang.invoke.DirectMethodHandle$Holder.invokeStatic(java.lang.Object, int)'> (0x00000000c6c9a5a8) 
thrown [src/hotspot/share/interpreter/linkResolver.cpp, line 803]
Event: 10.273 Thread 0x000071958402ee60 Exception <a 'java/io/FileNotFoundException'{0x00000000c6b2a028}> (0x00000000c6b2a028) 
thrown [src/hotspot/share/prims/jni.cpp, line 516]
Event: 10.273 Thread 0x000071958402ee60 Exception <a 'java/io/FileNotFoundException'{0x00000000c6b2b268}> (0x00000000c6b2b268) 
thrown [src/hotspot/share/prims/jni.cpp, line 516]
Event: 10.273 Thread 0x000071958402ee60 Exception <a 'java/io/FileNotFoundException'{0x00000000c6b2c438}> (0x00000000c6b2c438) 
thrown [src/hotspot/share/prims/jni.cpp, line 516]
Event: 10.273 Thread 0x000071958402ee60 Exception <a 'java/io/FileNotFoundException'{0x00000000c6b2d688}> (0x00000000c6b2d688) 
thrown [src/hotspot/share/prims/jni.cpp, line 516]
Event: 10.273 Thread 0x000071958402ee60 Exception <a 'java/io/FileNotFoundException'{0x00000000c6b2e908}> (0x00000000c6b2e908) 
thrown [src/hotspot/share/prims/jni.cpp, line 516]
Event: 10.273 Thread 0x000071958402ee60 Exception <a 'java/io/FileNotFoundException'{0x00000000c6b2fb98}> (0x00000000c6b2fb98) 
thrown [src/hotspot/share/prims/jni.cpp, line 516]
Event: 10.273 Thread 0x000071958402ee60 Exception <a 'java/io/FileNotFoundException'{0x00000000c6b30da0}> (0x00000000c6b30da0) 
thrown [src/hotspot/share/prims/jni.cpp, line 516]
Event: 10.273 Thread 0x000071958402ee60 Exception <a 'java/io/FileNotFoundException'{0x00000000c6b31fd8}> (0x00000000c6b31fd8) 
thrown [src/hotspot/share/prims/jni.cpp, line 516]
Event: 10.273 Thread 0x000071958402ee60 Exception <a 'java/io/FileNotFoundException'{0x00000000c6b331d0}> (0x00000000c6b331d0) 
thrown [src/hotspot/share/prims/jni.cpp, line 516]
Event: 10.273 Thread 0x000071958402ee60 Exception <a 'java/io/FileNotFoundException'{0x00000000c6b343a8}> (0x00000000c6b343a8) 
thrown [src/hotspot/share/prims/jni.cpp, line 516]
Event: 10.273 Thread 0x000071958402ee60 Exception <a 'java/io/FileNotFoundException'{0x00000000c6b356b0}> (0x00000000c6b356b0) 
thrown [src/hotspot/share/prims/jni.cpp, line 516]
Event: 10.273 Thread 0x000071958402ee60 Exception <a 'java/io/FileNotFoundException'{0x00000000c6b36c18}> (0x00000000c6b36c18) 
thrown [src/hotspot/share/prims/jni.cpp, line 516]
Event: 10.274 Thread 0x000071958402ee60 Exception <a 'java/io/FileNotFoundException'{0x00000000c6b37ea0}> (0x00000000c6b37ea0) 
thrown [src/hotspot/share/prims/jni.cpp, line 516]
Event: 10.323 Thread 0x000071958402ee60 Exception <a 'java/lang/NoSuchMethodError'{0x00000000c65182f0}: 'void java.lang.invoke.DirectMethodHandle$Holder.invokeVirtual(java.lang.Object, java.lang.Object, java.lang.Object, int)'> (0x00000000c65182f0) 
thrown [src/hotspot/share/interpreter/linkResolver.cpp, line 803]
Event: 10.324 Thread 0x000071958402ee60 Exception <a 'java/lang/NoSuchMethodError'{0x00000000c6528a28}: 'java.lang.Object java.lang.invoke.DirectMethodHandle$Holder.invokeVirtual(java.lang.Object, java.lang.Object, java.lang.Object)'> (0x00000000c6528a28) 
thrown [src/hotspot/share/interpreter/linkResolver.cpp, line 803]
Event: 10.327 Thread 0x000071958402ee60 Exception <a 'java/lang/NoSuchMethodError'{0x00000000c6541bb8}: 'java.lang.Object java.lang.invoke.Invokers$Holder.invoke_MT(java.lang.Object, java.lang.Object, java.lang.Object, java.lang.Object, java.lang.Object)'> (0x00000000c6541bb8) 
thrown [src/hotspot/share/interpreter/linkResolver.cpp, line 803]
Event: 10.396 Thread 0x000071958402ee60 Exception <a 'java/io/FileNotFoundException'{0x00000000c63f2e40}> (0x00000000c63f2e40) 
thrown [src/hotspot/share/prims/jni.cpp, line 516]

VM Operations (20 events):
Event: 9.825 Executing safepoint VM operation: G1PauseRemark
Event: 9.829 Executing safepoint VM operation: G1PauseRemark done
Event: 9.837 Executing safepoint VM operation: G1PauseCleanup
Event: 9.837 Executing safepoint VM operation: G1PauseCleanup done
Event: 9.861 Executing non-safepoint VM operation: HandshakeAllThreads (Deoptimize)
Event: 9.861 Executing non-safepoint VM operation: HandshakeAllThreads (Deoptimize) done
Event: 9.880 Executing non-safepoint VM operation: HandshakeAllThreads (Deoptimize)
Event: 9.880 Executing non-safepoint VM operation: HandshakeAllThreads (Deoptimize) done
Event: 9.881 Executing non-safepoint VM operation: HandshakeAllThreads (Deoptimize)
Event: 9.881 Executing non-safepoint VM operation: HandshakeAllThreads (Deoptimize) done
Event: 10.276 Executing non-safepoint VM operation: HandshakeAllThreads (Deoptimize)
Event: 10.276 Executing non-safepoint VM operation: HandshakeAllThreads (Deoptimize) done
Event: 10.314 Executing non-safepoint VM operation: HandshakeAllThreads (Deoptimize)
Event: 10.314 Executing non-safepoint VM operation: HandshakeAllThreads (Deoptimize) done
Event: 10.326 Executing non-safepoint VM operation: HandshakeAllThreads (Deoptimize)
Event: 10.326 Executing non-safepoint VM operation: HandshakeAllThreads (Deoptimize) done
Event: 10.330 Executing non-safepoint VM operation: HandshakeAllThreads (Deoptimize)
Event: 10.330 Executing non-safepoint VM operation: HandshakeAllThreads (Deoptimize) done
Event: 10.348 Executing non-safepoint VM operation: HandshakeAllThreads (Deoptimize)
Event: 10.348 Executing non-safepoint VM operation: HandshakeAllThreads (Deoptimize) done

Memory protections (20 events):
Event: 7.343 Protecting memory [0x00007194bedf7000,0x00007194bedfb000] with protection modes 0
Event: 7.900 Protecting memory [0x000071955e500000,0x000071955e504000] with protection modes 0
Event: 7.902 Protecting memory [0x0000719518efa000,0x0000719518efe000] with protection modes 0
Event: 8.074 Protecting memory [0x00007194beef7000,0x00007194beefb000] with protection modes 0
Event: 8.283 Protecting memory [0x00007194bd6ee000,0x00007194bd6f2000] with protection modes 0
Event: 8.447 Protecting memory [0x00007194bdef3000,0x00007194bdef7000] with protection modes 0
Event: 8.462 Protecting memory [0x00007194bce96000,0x00007194bce9a000] with protection modes 0
Event: 8.737 Protecting memory [0x00007194bce96000,0x00007194bce9a000] with protection modes 0
Event: 8.882 Protecting memory [0x00007194bcb00000,0x00007194bcb04000] with protection modes 0
Event: 8.882 Protecting memory [0x00007194bca00000,0x00007194bca04000] with protection modes 0
Event: 9.050 Protecting memory [0x00007193f9d00000,0x00007193f9d04000] with protection modes 0
Event: 9.055 Protecting memory [0x00007193f9900000,0x00007193f9904000] with protection modes 0
Event: 9.170 Protecting memory [0x00007193f9800000,0x00007193f9804000] with protection modes 0
Event: 9.430 Protecting memory [0x00007194bdef3000,0x00007194bdef7000] with protection modes 0
Event: 9.438 Protecting memory [0x00007193f9700000,0x00007193f9704000] with protection modes 0
Event: 9.584 Protecting memory [0x00007193f9600000,0x00007193f9604000] with protection modes 0
Event: 10.054 Protecting memory [0x00007193f9450000,0x00007193f9454000] with protection modes 0
Event: 10.396 Protecting memory [0x00007193f9450000,0x00007193f9454000] with protection modes 0
Event: 10.401 Protecting memory [0x00007193f9350000,0x00007193f9354000] with protection modes 0
Event: 10.403 Protecting memory [0x00007193f9250000,0x00007193f9254000] with protection modes 0

Nmethod flushes (20 events):
Event: 9.828 Thread 0x00007195841479d0 flushing  nmethod 0x0000719578ac6088
Event: 9.828 Thread 0x00007195841479d0 flushing  nmethod 0x0000719578b86608
Event: 9.828 Thread 0x00007195841479d0 flushing  nmethod 0x0000719578b89188
Event: 9.828 Thread 0x00007195841479d0 flushing  nmethod 0x0000719578b89508
Event: 9.828 Thread 0x00007195841479d0 flushing  nmethod 0x0000719578b89d08
Event: 9.828 Thread 0x00007195841479d0 flushing  nmethod 0x0000719570fc6508
Event: 9.828 Thread 0x00007195841479d0 flushing  nmethod 0x000071957103a688
Event: 9.828 Thread 0x00007195841479d0 flushing  nmethod 0x0000719571116408
Event: 9.828 Thread 0x00007195841479d0 flushing  nmethod 0x00007195711ee808
Event: 9.828 Thread 0x00007195841479d0 flushing  nmethod 0x0000719571403608
Event: 9.828 Thread 0x00007195841479d0 flushing  nmethod 0x0000719571404788
Event: 9.828 Thread 0x00007195841479d0 flushing  nmethod 0x0000719571405e08
Event: 9.828 Thread 0x00007195841479d0 flushing  nmethod 0x0000719571406108
Event: 9.828 Thread 0x00007195841479d0 flushing  nmethod 0x0000719571412508
Event: 9.828 Thread 0x00007195841479d0 flushing  nmethod 0x0000719571412808
Event: 9.828 Thread 0x00007195841479d0 flushing  nmethod 0x0000719571416588
Event: 9.828 Thread 0x00007195841479d0 flushing  nmethod 0x0000719571417f08
Event: 9.828 Thread 0x00007195841479d0 flushing  nmethod 0x000071957141ab88
Event: 9.828 Thread 0x00007195841479d0 flushing  nmethod 0x000071957141bd08
Event: 9.828 Thread 0x00007195841479d0 flushing  nmethod 0x0000719571575308

Events (20 events):
Event: 8.074 Thread 0x000071953007a450 Thread added: 0x00007195283e7bc0
Event: 8.283 Thread 0x0000719530078b20 Thread added: 0x00007195240dfe40
Event: 8.447 Thread 0x0000719524295670 Thread added: 0x0000719470115ec0
Event: 8.462 Thread 0x00007195841870f0 Thread added: 0x00007195304f2d00
Event: 8.643 Thread 0x00007195304f2d00 Thread exited: 0x00007195304f2d00
Event: 8.737 Thread 0x000071958402ee60 Thread added: 0x0000719584b20660
Event: 8.882 Thread 0x0000719584a2ff70 Thread added: 0x00007194280911f0
Event: 8.882 Thread 0x0000719584a2ff70 Thread added: 0x000071942809e260
Event: 9.050 Thread 0x000071958402ee60 Thread added: 0x00007195847a57e0
Event: 9.055 Thread 0x000071958402ee60 Thread added: 0x00007195847a9110
Event: 9.170 Thread 0x00007194280911f0 Thread added: 0x00007193fc002290
Event: 9.224 Thread 0x0000719470115ec0 Thread exited: 0x0000719470115ec0
Event: 9.430 Thread 0x0000719524295670 Thread added: 0x0000719470144e50
Event: 9.438 Thread 0x000071953007a450 Thread added: 0x000071952842e440
Event: 9.584 Thread 0x000071958402ee60 Thread added: 0x0000719584f60ee0
Event: 10.054 Thread 0x000071958402ee60 Thread added: 0x0000719585243270
Event: 10.059 Thread 0x0000719585243270 Thread exited: 0x0000719585243270
Event: 10.396 Thread 0x000071958402ee60 Thread added: 0x000071958502ef70
Event: 10.401 Thread 0x000071958502ef70 Thread added: 0x00007193dc0053e0
Event: 10.403 Thread 0x000071958502ef70 Thread added: 0x00007193dc007a20


Dynamic libraries:
4e000000-4e080000 rw-p 00000000 00:00 0 
4e080000-4e0a0000 rw-p 00000000 00:00 0 
4e0a0000-4e0c0000 rw-p 00000000 00:00 0 
4e0c0000-4e140000 rw-p 00000000 00:00 0 
4e140000-4e1c0000 rw-p 00000000 00:00 0 
4e1c0000-4e200000 rw-p 00000000 00:00 0 
4e200000-4e260000 rw-p 00000000 00:00 0 
4e260000-4e280000 rw-p 00000000 00:00 0 
4e280000-4e340000 rw-p 00000000 00:00 0 
4e340000-4e380000 rw-p 00000000 00:00 0 
4e380000-4e4c0000 rw-p 00000000 00:00 0 
4e4c0000-4e4e0000 rw-p 00000000 00:00 0 
4e4e0000-4e500000 ---p 00000000 00:00 0 
4e500000-4e700000 rw-p 00000000 00:00 0 
4e700000-8e000000 ---p 00000000 00:00 0 
c0000000-c7f00000 rw-p 00000000 00:00 0 
c7f00000-cb300000 ---p 00000000 00:00 0 
cb300000-cb500000 rw-p 00000000 00:00 0 
cb500000-ffd00000 ---p 00000000 00:00 0 
ffd00000-ffe00000 rw-p 00000000 00:00 0 
ffe00000-100000000 ---p 00000000 00:00 0 
55fcbceac000-55fcbcead000 r--p 00000000 07:0c 1615                       /snap/dbeaver-ce/549/usr/share/dbeaver-ce/jre/bin/java
55fcbcead000-55fcbceae000 r-xp 00001000 07:0c 1615                       /snap/dbeaver-ce/549/usr/share/dbeaver-ce/jre/bin/java
55fcbceae000-55fcbceaf000 r--p 00002000 07:0c 1615                       /snap/dbeaver-ce/549/usr/share/dbeaver-ce/jre/bin/java
55fcbceaf000-55fcbceb0000 r--p 00002000 07:0c 1615                       /snap/dbeaver-ce/549/usr/share/dbeaver-ce/jre/bin/java
55fcbceb0000-55fcbceb1000 rw-p 00003000 07:0c 1615                       /snap/dbeaver-ce/549/usr/share/dbeaver-ce/jre/bin/java
55fcfcabd000-55fcfcb08000 rw-p 00000000 00:00 0                          [heap]
7193d4000000-7193d4021000 rw-p 00000000 00:00 0 
7193d4021000-7193d8000000 ---p 00000000 00:00 0 
7193dc000000-7193dc021000 rw-p 00000000 00:00 0 
7193dc021000-7193e0000000 ---p 00000000 00:00 0 
7193e0000000-7193e0021000 rw-p 00000000 00:00 0 
7193e0021000-7193e4000000 ---p 00000000 00:00 0 
7193e4000000-7193e434f000 rw-p 00000000 00:00 0 
7193e434f000-7193e8000000 ---p 00000000 00:00 0 
7193e8000000-7193e8021000 rw-p 00000000 00:00 0 
7193e8021000-7193ec000000 ---p 00000000 00:00 0 
7193ec000000-7193ec021000 rw-p 00000000 00:00 0 
7193ec021000-7193f0000000 ---p 00000000 00:00 0 
7193f0000000-7193f0021000 rw-p 00000000 00:00 0 
7193f0021000-7193f4000000 ---p 00000000 00:00 0 
7193f4000000-7193f4021000 rw-p 00000000 00:00 0 
7193f4021000-7193f8000000 ---p 00000000 00:00 0 
7193f9250000-7193f9254000 ---p 00000000 00:00 0 
7193f9254000-7193f9350000 rw-p 00000000 00:00 0 
7193f9350000-7193f9354000 ---p 00000000 00:00 0 
7193f9354000-7193f9450000 rw-p 00000000 00:00 0 
7193f9450000-7193f9454000 ---p 00000000 00:00 0 
7193f9454000-7193f9550000 rw-p 00000000 00:00 0 
7193f9550000-7193f9600000 rw-s 00000000 00:01 38128                      /memfd:gdk-wayland (deleted)
7193f9600000-7193f9604000 ---p 00000000 00:00 0 
7193f9604000-7193f9700000 rw-p 00000000 00:00 0 
7193f9700000-7193f9704000 ---p 00000000 00:00 0 
7193f9704000-7193f9800000 rw-p 00000000 00:00 0 
7193f9800000-7193f9804000 ---p 00000000 00:00 0 
7193f9804000-7193f9900000 rw-p 00000000 00:00 0 
7193f9900000-7193f9904000 ---p 00000000 00:00 0 
7193f9904000-7193f9a00000 rw-p 00000000 00:00 0 
7193f9a00000-7193f9a9d000 r--p 00000000 08:03 4601517                    /usr/lib/x86_64-linux-gnu/libstdc++.so.6.0.33
7193f9a9d000-7193f9be5000 r-xp 0009d000 08:03 4601517                    /usr/lib/x86_64-linux-gnu/libstdc++.so.6.0.33
7193f9be5000-7193f9c6c000 r--p 001e5000 08:03 4601517                    /usr/lib/x86_64-linux-gnu/libstdc++.so.6.0.33
7193f9c6c000-7193f9c77000 r--p 0026b000 08:03 4601517                    /usr/lib/x86_64-linux-gnu/libstdc++.so.6.0.33
7193f9c77000-7193f9c7a000 rw-p 00276000 08:03 4601517                    /usr/lib/x86_64-linux-gnu/libstdc++.so.6.0.33
7193f9c7a000-7193f9c7e000 rw-p 00000000 00:00 0 
7193f9d00000-7193f9d04000 ---p 00000000 00:00 0 
7193f9d04000-7193f9e00000 rw-p 00000000 00:00 0 
7193f9e00000-7193f9e01000 r--p 00000000 08:03 4603300                    /usr/lib/x86_64-linux-gnu/libicudata.so.74.2
7193f9e01000-7193f9e02000 r-xp 00001000 08:03 4603300                    /usr/lib/x86_64-linux-gnu/libicudata.so.74.2
7193f9e02000-7193fbb5e000 r--p 00002000 08:03 4603300                    /usr/lib/x86_64-linux-gnu/libicudata.so.74.2
7193fbb5e000-7193fbb5f000 r--p 01d5d000 08:03 4603300                    /usr/lib/x86_64-linux-gnu/libicudata.so.74.2
7193fbb5f000-7193fbb60000 rw-p 01d5e000 08:03 4603300                    /usr/lib/x86_64-linux-gnu/libicudata.so.74.2
7193fbc00000-7193fbc68000 r--p 00000000 08:03 4603305                    /usr/lib/x86_64-linux-gnu/libicuuc.so.74.2
7193fbc68000-7193fbd6d000 r-xp 00068000 08:03 4603305                    /usr/lib/x86_64-linux-gnu/libicuuc.so.74.2
7193fbd6d000-7193fbdf7000 r--p 0016d000 08:03 4603305                    /usr/lib/x86_64-linux-gnu/libicuuc.so.74.2
7193fbdf7000-7193fbe0a000 r--p 001f7000 08:03 4603305                    /usr/lib/x86_64-linux-gnu/libicuuc.so.74.2
7193fbe0a000-7193fbe0b000 rw-p 0020a000 08:03 4603305                    /usr/lib/x86_64-linux-gnu/libicuuc.so.74.2
7193fbe0b000-7193fbe0d000 rw-p 00000000 00:00 0 
7193fbe61000-7193fbe63000 r--p 00000000 08:03 4603468                    /usr/lib/x86_64-linux-gnu/libogg.so.0.8.5
7193fbe63000-7193fbe66000 r-xp 00002000 08:03 4603468                    /usr/lib/x86_64-linux-gnu/libogg.so.0.8.5
7193fbe66000-7193fbe69000 r--p 00005000 08:03 4603468                    /usr/lib/x86_64-linux-gnu/libogg.so.0.8.5
7193fbe69000-7193fbe6a000 r--p 00007000 08:03 4603468                    /usr/lib/x86_64-linux-gnu/libogg.so.0.8.5
7193fbe6a000-7193fbe6b000 rw-p 00008000 08:03 4603468                    /usr/lib/x86_64-linux-gnu/libogg.so.0.8.5
7193fbe6b000-7193fbe6e000 r--p 00000000 08:03 4603687                    /usr/lib/x86_64-linux-gnu/libvorbis.so.0.4.9
7193fbe6e000-7193fbe86000 r-xp 00003000 08:03 4603687                    /usr/lib/x86_64-linux-gnu/libvorbis.so.0.4.9
7193fbe86000-7193fbe97000 r--p 0001b000 08:03 4603687                    /usr/lib/x86_64-linux-gnu/libvorbis.so.0.4.9
7193fbe97000-7193fbe98000 r--p 0002b000 08:03 4603687                    /usr/lib/x86_64-linux-gnu/libvorbis.so.0.4.9
7193fbe98000-7193fbe99000 rw-p 0002c000 08:03 4603687                    /usr/lib/x86_64-linux-gnu/libvorbis.so.0.4.9
7193fbe99000-7193fbe9b000 r--p 00000000 08:03 4603357                    /usr/lib/x86_64-linux-gnu/libltdl.so.7.3.2
7193fbe9b000-7193fbea0000 r-xp 00002000 08:03 4603357                    /usr/lib/x86_64-linux-gnu/libltdl.so.7.3.2
7193fbea0000-7193fbea2000 r--p 00007000 08:03 4603357                    /usr/lib/x86_64-linux-gnu/libltdl.so.7.3.2
7193fbea2000-7193fbea3000 r--p 00008000 08:03 4603357                    /usr/lib/x86_64-linux-gnu/libltdl.so.7.3.2
7193fbea3000-7193fbea4000 rw-p 00009000 08:03 4603357                    /usr/lib/x86_64-linux-gnu/libltdl.so.7.3.2
7193fbea4000-7193fbef8000 r--p 00000000 08:03 4622174                    /usr/share/fonts/truetype/dejavu/DejaVuSansMono.ttf
7193fbef8000-7193fc000000 r--p 00000000 08:03 4622474                    /usr/share/fonts/truetype/ubuntu/UbuntuSans[wdth,wght].ttf
7193fc000000-7193fc021000 rw-p 00000000 00:00 0 
7193fc021000-719400000000 ---p 00000000 00:00 0 
719400000000-719400021000 rw-p 00000000 00:00 0 
719400021000-719404000000 ---p 00000000 00:00 0 
719404000000-719404b94000 rw-p 00000000 00:00 0 
719404b94000-719408000000 ---p 00000000 00:00 0 
719408000000-7194084d0000 rw-p 00000000 00:00 0 
7194084d0000-71940c000000 ---p 00000000 00:00 0 
71940c000000-71940d906000 rw-p 00000000 00:00 0 
71940d906000-719410000000 ---p 00000000 00:00 0 
719410000000-719411701000 rw-p 00000000 00:00 0 
719411701000-719414000000 ---p 00000000 00:00 0 
719414000000-719414021000 rw-p 00000000 00:00 0 
719414021000-719418000000 ---p 00000000 00:00 0 
719418000000-719418021000 rw-p 00000000 00:00 0 
719418021000-71941c000000 ---p 00000000 00:00 0 
71941c000000-71941c9e1000 rw-p 00000000 00:00 0 
71941c9e1000-719420000000 ---p 00000000 00:00 0 
719420000000-7194208c4000 rw-p 00000000 00:00 0 
7194208c4000-719424000000 ---p 00000000 00:00 0 
719424000000-719424021000 rw-p 00000000 00:00 0 
719424021000-719428000000 ---p 00000000 00:00 0 
719428000000-7194285b8000 rw-p 00000000 00:00 0 
7194285b8000-71942c000000 ---p 00000000 00:00 0 
71942c000000-71942c021000 rw-p 00000000 00:00 0 
71942c021000-719430000000 ---p 00000000 00:00 0 
719430000000-719430021000 rw-p 00000000 00:00 0 
719430021000-719434000000 ---p 00000000 00:00 0 
719434000000-719434232000 rw-p 00000000 00:00 0 
719434232000-719438000000 ---p 00000000 00:00 0 
719438000000-7194380e6000 rw-p 00000000 00:00 0 
7194380e6000-71943c000000 ---p 00000000 00:00 0 
71943c000000-71943c021000 rw-p 00000000 00:00 0 
71943c021000-719440000000 ---p 00000000 00:00 0 
719440000000-719440021000 rw-p 00000000 00:00 0 
719440021000-719444000000 ---p 00000000 00:00 0 
719444000000-719444021000 rw-p 00000000 00:00 0 
719444021000-719448000000 ---p 00000000 00:00 0 
719448000000-719448021000 rw-p 00000000 00:00 0 
719448021000-71944c000000 ---p 00000000 00:00 0 
71944c000000-71944c021000 rw-p 00000000 00:00 0 
71944c021000-719450000000 ---p 00000000 00:00 0 
719450000000-719450021000 rw-p 00000000 00:00 0 
719450021000-719454000000 ---p 00000000 00:00 0 
719454000000-719454021000 rw-p 00000000 00:00 0 
719454021000-719458000000 ---p 00000000 00:00 0 
719458000000-719458021000 rw-p 00000000 00:00 0 
719458021000-71945c000000 ---p 00000000 00:00 0 
71945c000000-71945c021000 rw-p 00000000 00:00 0 
71945c021000-719460000000 ---p 00000000 00:00 0 
719460000000-719460021000 rw-p 00000000 00:00 0 
719460021000-719464000000 ---p 00000000 00:00 0 
719464000000-719464021000 rw-p 00000000 00:00 0 
719464021000-719468000000 ---p 00000000 00:00 0 
719468000000-719468021000 rw-p 00000000 00:00 0 
719468021000-71946c000000 ---p 00000000 00:00 0 
71946c000000-71946d05b000 rw-p 00000000 00:00 0 
71946d05b000-719470000000 ---p 00000000 00:00 0 
719470000000-7194701d2000 rw-p 00000000 00:00 0 
7194701d2000-719474000000 ---p 00000000 00:00 0 
719474000000-719474b46000 rw-p 00000000 00:00 0 
719474b46000-719478000000 ---p 00000000 00:00 0 
719478000000-719478e96000 rw-p 00000000 00:00 0 
719478e96000-71947c000000 ---p 00000000 00:00 0 
71947c000000-71947c021000 rw-p 00000000 00:00 0 
71947c021000-719480000000 ---p 00000000 00:00 0 
719480000000-7194824f5000 rw-p 00000000 00:00 0 
7194824f5000-719484000000 ---p 00000000 00:00 0 
719484000000-719484021000 rw-p 00000000 00:00 0 
719484021000-719488000000 ---p 00000000 00:00 0 
719488000000-719488021000 rw-p 00000000 00:00 0 
719488021000-71948c000000 ---p 00000000 00:00 0 
71948c000000-71948c021000 rw-p 00000000 00:00 0 
71948c021000-719490000000 ---p 00000000 00:00 0 
719490000000-719490021000 rw-p 00000000 00:00 0 
719490021000-719494000000 ---p 00000000 00:00 0 
719494000000-719494021000 rw-p 00000000 00:00 0 
719494021000-719498000000 ---p 00000000 00:00 0 
719498000000-719498021000 rw-p 00000000 00:00 0 
719498021000-71949c000000 ---p 00000000 00:00 0 
71949c000000-71949c021000 rw-p 00000000 00:00 0 
71949c021000-7194a0000000 ---p 00000000 00:00 0 
7194a0000000-7194a0021000 rw-p 00000000 00:00 0 
7194a0021000-7194a4000000 ---p 00000000 00:00 0 
7194a4000000-7194a4021000 rw-p 00000000 00:00 0 
7194a4021000-7194a8000000 ---p 00000000 00:00 0 
7194a8000000-7194a8021000 rw-p 00000000 00:00 0 
7194a8021000-7194ac000000 ---p 00000000 00:00 0 
7194ac000000-7194ac021000 rw-p 00000000 00:00 0 
7194ac021000-7194b0000000 ---p 00000000 00:00 0 
7194b0000000-7194b0021000 rw-p 00000000 00:00 0 
7194b0021000-7194b4000000 ---p 00000000 00:00 0 
7194b4000000-7194b4021000 rw-p 00000000 00:00 0 
7194b4021000-7194b8000000 ---p 00000000 00:00 0 
7194b8000000-7194b8021000 rw-p 00000000 00:00 0 
7194b8021000-7194bc000000 ---p 00000000 00:00 0 
7194bc005000-7194bc009000 r--p 00000000 08:03 4603633                    /usr/lib/x86_64-linux-gnu/libtdb.so.1.4.10
7194bc009000-7194bc017000 r-xp 00004000 08:03 4603633                    /usr/lib/x86_64-linux-gnu/libtdb.so.1.4.10
7194bc017000-7194bc01c000 r--p 00012000 08:03 4603633                    /usr/lib/x86_64-linux-gnu/libtdb.so.1.4.10
7194bc01c000-7194bc01d000 r--p 00016000 08:03 4603633                    /usr/lib/x86_64-linux-gnu/libtdb.so.1.4.10
7194bc01d000-7194bc01e000 rw-p 00017000 08:03 4603633                    /usr/lib/x86_64-linux-gnu/libtdb.so.1.4.10
7194bc01e000-7194bc04d000 r--p 00000000 08:03 4605307                    /usr/lib/x86_64-linux-gnu/libxml2.so.2.9.14
7194bc04d000-7194bc1b3000 r-xp 0002f000 08:03 4605307                    /usr/lib/x86_64-linux-gnu/libxml2.so.2.9.14
7194bc1b3000-7194bc1f5000 r--p 00195000 08:03 4605307                    /usr/lib/x86_64-linux-gnu/libxml2.so.2.9.14
7194bc1f5000-7194bc1fe000 r--p 001d6000 08:03 4605307                    /usr/lib/x86_64-linux-gnu/libxml2.so.2.9.14
7194bc1fe000-7194bc1ff000 rw-p 001df000 08:03 4605307                    /usr/lib/x86_64-linux-gnu/libxml2.so.2.9.14
7194bc1ff000-7194bc200000 rw-p 00000000 00:00 0 
7194bc200000-7194bc2b7000 r--p 00000000 08:03 4603562                    /usr/lib/x86_64-linux-gnu/librsvg-2.so.2.50.0
7194bc2b7000-7194bc64e000 r-xp 000b7000 08:03 4603562                    /usr/lib/x86_64-linux-gnu/librsvg-2.so.2.50.0
7194bc64e000-7194bc7e0000 r--p 0044e000 08:03 4603562                    /usr/lib/x86_64-linux-gnu/librsvg-2.so.2.50.0
7194bc7e0000-7194bc877000 r--p 005e0000 08:03 4603562                    /usr/lib/x86_64-linux-gnu/librsvg-2.so.2.50.0
7194bc877000-7194bc878000 rw-p 00677000 08:03 4603562                    /usr/lib/x86_64-linux-gnu/librsvg-2.so.2.50.0
7194bc880000-7194bc882000 r--p 00000000 08:03 4603689                    /usr/lib/x86_64-linux-gnu/libvorbisfile.so.3.3.8
7194bc882000-7194bc887000 r-xp 00002000 08:03 4603689                    /usr/lib/x86_64-linux-gnu/libvorbisfile.so.3.3.8
7194bc887000-7194bc888000 r--p 00007000 08:03 4603689                    /usr/lib/x86_64-linux-gnu/libvorbisfile.so.3.3.8
7194bc888000-7194bc889000 r--p 00007000 08:03 4603689                    /usr/lib/x86_64-linux-gnu/libvorbisfile.so.3.3.8
7194bc889000-7194bc88a000 rw-p 00008000 08:03 4603689                    /usr/lib/x86_64-linux-gnu/libvorbisfile.so.3.3.8
7194bc88a000-7194bc88d000 r--p 00000000 08:03 4603043                    /usr/lib/x86_64-linux-gnu/libcanberra.so.0.2.5
7194bc88d000-7194bc898000 r-xp 00003000 08:03 4603043                    /usr/lib/x86_64-linux-gnu/libcanberra.so.0.2.5
7194bc898000-7194bc89b000 r--p 0000e000 08:03 4603043                    /usr/lib/x86_64-linux-gnu/libcanberra.so.0.2.5
7194bc89b000-7194bc89c000 r--p 00010000 08:03 4603043                    /usr/lib/x86_64-linux-gnu/libcanberra.so.0.2.5
7194bc89c000-7194bc89d000 rw-p 00011000 08:03 4603043                    /usr/lib/x86_64-linux-gnu/libcanberra.so.0.2.5
7194bc8c3000-7194bc8ca000 r--s 00000000 08:03 4625662                    /usr/lib/x86_64-linux-gnu/gconv/gconv-modules.cache
7194bc8ca000-7194bc9d2000 r--p 00000000 08:03 4622474                    /usr/share/fonts/truetype/ubuntu/UbuntuSans[wdth,wght].ttf
7194bc9d2000-7194bc9d6000 r--p 00000000 08:03 4601469                    /usr/lib/x86_64-linux-gnu/libgcc_s.so.1
7194bc9d6000-7194bc9fa000 r-xp 00004000 08:03 4601469                    /usr/lib/x86_64-linux-gnu/libgcc_s.so.1
7194bc9fa000-7194bc9fe000 r--p 00028000 08:03 4601469                    /usr/lib/x86_64-linux-gnu/libgcc_s.so.1
7194bc9fe000-7194bc9ff000 r--p 0002b000 08:03 4601469                    /usr/lib/x86_64-linux-gnu/libgcc_s.so.1
7194bc9ff000-7194bca00000 rw-p 0002c000 08:03 4601469                    /usr/lib/x86_64-linux-gnu/libgcc_s.so.1
7194bca00000-7194bca04000 ---p 00000000 00:00 0 
7194bca04000-7194bcb00000 rw-p 00000000 00:00 0 
7194bcb00000-7194bcb04000 ---p 00000000 00:00 0 
7194bcb04000-7194bcc00000 rw-p 00000000 00:00 0 
7194bcc00000-7194bcc02000 r-xp 00000000 08:03 410257                     /home/mcypher/snap/dbeaver-ce/549/.local/share/DBeaverData/install-data/org.jkiss.dbeaver.product/26.2.0-202608301738/org.eclipse.osgi/49/0/.cp/os/linux/x86_64/libunixfile_1_0_0.so
7194bcc02000-7194bce01000 ---p 00002000 08:03 410257                     /home/mcypher/snap/dbeaver-ce/549/.local/share/DBeaverData/install-data/org.jkiss.dbeaver.product/26.2.0-202608301738/org.eclipse.osgi/49/0/.cp/os/linux/x86_64/libunixfile_1_0_0.so
7194bce01000-7194bce02000 r--p 00001000 08:03 410257                     /home/mcypher/snap/dbeaver-ce/549/.local/share/DBeaverData/install-data/org.jkiss.dbeaver.product/26.2.0-202608301738/org.eclipse.osgi/49/0/.cp/os/linux/x86_64/libunixfile_1_0_0.so
7194bce02000-7194bce03000 rw-p 00002000 08:03 410257                     /home/mcypher/snap/dbeaver-ce/549/.local/share/DBeaverData/install-data/org.jkiss.dbeaver.product/26.2.0-202608301738/org.eclipse.osgi/49/0/.cp/os/linux/x86_64/libunixfile_1_0_0.so
7194bce07000-7194bce09000 r--p 00000000 08:03 4603042                    /usr/lib/x86_64-linux-gnu/libcanberra-gtk3.so.0.1.9
7194bce09000-7194bce0b000 r-xp 00002000 08:03 4603042                    /usr/lib/x86_64-linux-gnu/libcanberra-gtk3.so.0.1.9
7194bce0b000-7194bce0c000 r--p 00004000 08:03 4603042                    /usr/lib/x86_64-linux-gnu/libcanberra-gtk3.so.0.1.9
7194bce0c000-7194bce0d000 r--p 00004000 08:03 4603042                    /usr/lib/x86_64-linux-gnu/libcanberra-gtk3.so.0.1.9
7194bce0d000-7194bce0e000 rw-p 00005000 08:03 4603042                    /usr/lib/x86_64-linux-gnu/libcanberra-gtk3.so.0.1.9
7194bce0e000-7194bce10000 r--p 00000000 08:03 4605131                    /usr/lib/x86_64-linux-gnu/gtk-3.0/modules/libcanberra-gtk3-module.so
7194bce10000-7194bce13000 r-xp 00002000 08:03 4605131                    /usr/lib/x86_64-linux-gnu/gtk-3.0/modules/libcanberra-gtk3-module.so
7194bce13000-7194bce14000 r--p 00005000 08:03 4605131                    /usr/lib/x86_64-linux-gnu/gtk-3.0/modules/libcanberra-gtk3-module.so
7194bce14000-7194bce15000 r--p 00005000 08:03 4605131                    /usr/lib/x86_64-linux-gnu/gtk-3.0/modules/libcanberra-gtk3-module.so
7194bce15000-7194bce16000 rw-p 00006000 08:03 4605131                    /usr/lib/x86_64-linux-gnu/gtk-3.0/modules/libcanberra-gtk3-module.so
7194bce16000-7194bce19000 r--p 00000000 08:03 410283                     /home/mcypher/snap/dbeaver-ce/549/.local/share/DBeaverData/install-data/org.jkiss.dbeaver.product/26.2.0-202608301738/org.eclipse.osgi/152/0/.cp/libswt-atk-gtk-4973r12.so
7194bce19000-7194bce1d000 r-xp 00003000 08:03 410283                     /home/mcypher/snap/dbeaver-ce/549/.local/share/DBeaverData/install-data/org.jkiss.dbeaver.product/26.2.0-202608301738/org.eclipse.osgi/152/0/.cp/libswt-atk-gtk-4973r12.so
7194bce1d000-7194bce1f000 r--p 00007000 08:03 410283                     /home/mcypher/snap/dbeaver-ce/549/.local/share/DBeaverData/install-data/org.jkiss.dbeaver.product/26.2.0-202608301738/org.eclipse.osgi/152/0/.cp/libswt-atk-gtk-4973r12.so
7194bce1f000-7194bce20000 r--p 00008000 08:03 410283                     /home/mcypher/snap/dbeaver-ce/549/.local/share/DBeaverData/install-data/org.jkiss.dbeaver.product/26.2.0-202608301738/org.eclipse.osgi/152/0/.cp/libswt-atk-gtk-4973r12.so
7194bce20000-7194bce21000 rw-p 00009000 08:03 410283                     /home/mcypher/snap/dbeaver-ce/549/.local/share/DBeaverData/install-data/org.jkiss.dbeaver.product/26.2.0-202608301738/org.eclipse.osgi/152/0/.cp/libswt-atk-gtk-4973r12.so
7194bce21000-7194bce22000 r--p 00000000 07:0c 1831                       /snap/dbeaver-ce/549/usr/share/dbeaver-ce/jre/lib/libextnet.so
7194bce22000-7194bce23000 r-xp 00001000 07:0c 1831                       /snap/dbeaver-ce/549/usr/share/dbeaver-ce/jre/lib/libextnet.so
7194bce23000-7194bce24000 r--p 00002000 07:0c 1831                       /snap/dbeaver-ce/549/usr/share/dbeaver-ce/jre/lib/libextnet.so
7194bce24000-7194bce25000 r--p 00002000 07:0c 1831                       /snap/dbeaver-ce/549/usr/share/dbeaver-ce/jre/lib/libextnet.so
7194bce25000-7194bce26000 rw-p 00003000 07:0c 1831                       /snap/dbeaver-ce/549/usr/share/dbeaver-ce/jre/lib/libextnet.so
7194bce26000-7194bce28000 r--p 00000000 08:03 4605127                    /usr/lib/x86_64-linux-gnu/gtk-3.0/3.0.0/immodules/im-wayland.so
7194bce28000-7194bce2a000 r-xp 00002000 08:03 4605127                    /usr/lib/x86_64-linux-gnu/gtk-3.0/3.0.0/immodules/im-wayland.so
7194bce2a000-7194bce2b000 r--p 00004000 08:03 4605127                    /usr/lib/x86_64-linux-gnu/gtk-3.0/3.0.0/immodules/im-wayland.so
7194bce2b000-7194bce2c000 r--p 00005000 08:03 4605127                    /usr/lib/x86_64-linux-gnu/gtk-3.0/3.0.0/immodules/im-wayland.so
7194bce2c000-7194bce2d000 rw-p 00006000 08:03 4605127                    /usr/lib/x86_64-linux-gnu/gtk-3.0/3.0.0/immodules/im-wayland.so
7194bce2d000-7194bce33000 r--p 00000000 08:03 410271                     /home/mcypher/snap/dbeaver-ce/549/.local/share/DBeaverData/install-data/org.jkiss.dbeaver.product/26.2.0-202608301738/org.eclipse.osgi/152/0/.cp/libswt-cairo-gtk-4973r12.so
7194bce33000-7194bce36000 r-xp 00006000 08:03 410271                     /home/mcypher/snap/dbeaver-ce/549/.local/share/DBeaverData/install-data/org.jkiss.dbeaver.product/26.2.0-202608301738/org.eclipse.osgi/152/0/.cp/libswt-cairo-gtk-4973r12.so
7194bce36000-7194bce38000 r--p 00009000 08:03 410271                     /home/mcypher/snap/dbeaver-ce/549/.local/share/DBeaverData/install-data/org.jkiss.dbeaver.product/26.2.0-202608301738/org.eclipse.osgi/152/0/.cp/libswt-cairo-gtk-4973r12.so
7194bce38000-7194bce39000 r--p 0000a000 08:03 410271                     /home/mcypher/snap/dbeaver-ce/549/.local/share/DBeaverData/install-data/org.jkiss.dbeaver.product/26.2.0-202608301738/org.eclipse.osgi/152/0/.cp/libswt-cairo-gtk-4973r12.so
7194bce39000-7194bce3a000 rw-p 0000b000 08:03 410271                     /home/mcypher/snap/dbeaver-ce/549/.local/share/DBeaverData/install-data/org.jkiss.dbeaver.product/26.2.0-202608301738/org.eclipse.osgi/152/0/.cp/libswt-cairo-gtk-4973r12.so
7194bce3a000-7194bce3b000 r--p 00000000 08:03 4604807                    /usr/lib/x86_64-linux-gnu/gdk-pixbuf-2.0/2.10.0/loaders/libpixbufloader-svg.so
7194bce3b000-7194bce3c000 r-xp 00001000 08:03 4604807                    /usr/lib/x86_64-linux-gnu/gdk-pixbuf-2.0/2.10.0/loaders/libpixbufloader-svg.so
7194bce3c000-7194bce3d000 r--p 00002000 08:03 4604807                    /usr/lib/x86_64-linux-gnu/gdk-pixbuf-2.0/2.10.0/loaders/libpixbufloader-svg.so
7194bce3d000-7194bce3e000 r--p 00002000 08:03 4604807                    /usr/lib/x86_64-linux-gnu/gdk-pixbuf-2.0/2.10.0/loaders/libpixbufloader-svg.so
7194bce3e000-7194bce3f000 rw-p 00003000 08:03 4604807                    /usr/lib/x86_64-linux-gnu/gdk-pixbuf-2.0/2.10.0/loaders/libpixbufloader-svg.so
7194bce3f000-7194bce46000 r--p 00000000 08:03 4737178                    /usr/share/icons/hicolor/icon-theme.cache
7194bce46000-7194bce96000 r--p 00000000 08:03 4744090                    /usr/share/icons/Humanity/icon-theme.cache
7194bce96000-7194bce9a000 ---p 00000000 00:00 0 
7194bce9a000-7194bcf96000 rw-p 00000000 00:00 0 
7194bcf96000-7194bcfa1000 r--p 00000000 07:0c 1833                       /snap/dbeaver-ce/549/usr/share/dbeaver-ce/jre/lib/libfreetype.so
7194bcfa1000-7194bd019000 r-xp 0000b000 07:0c 1833                       /snap/dbeaver-ce/549/usr/share/dbeaver-ce/jre/lib/libfreetype.so
7194bd019000-7194bd03d000 r--p 00083000 07:0c 1833                       /snap/dbeaver-ce/549/usr/share/dbeaver-ce/jre/lib/libfreetype.so
7194bd03d000-7194bd043000 r--p 000a7000 07:0c 1833                       /snap/dbeaver-ce/549/usr/share/dbeaver-ce/jre/lib/libfreetype.so
7194bd043000-7194bd044000 rw-p 000ad000 07:0c 1833                       /snap/dbeaver-ce/549/usr/share/dbeaver-ce/jre/lib/libfreetype.so
7194bd044000-7194bd04b000 r--p 00000000 07:0c 1832                       /snap/dbeaver-ce/549/usr/share/dbeaver-ce/jre/lib/libfontmanager.so
7194bd04b000-7194bd1ce000 r-xp 00007000 07:0c 1832                       /snap/dbeaver-ce/549/usr/share/dbeaver-ce/jre/lib/libfontmanager.so
7194bd1ce000-7194bd20a000 r--p 0018a000 07:0c 1832                       /snap/dbeaver-ce/549/usr/share/dbeaver-ce/jre/lib/libfontmanager.so
7194bd20a000-7194bd20c000 r--p 001c6000 07:0c 1832                       /snap/dbeaver-ce/549/usr/share/dbeaver-ce/jre/lib/libfontmanager.so
7194bd20c000-7194bd20d000 rw-p 001c8000 07:0c 1832                       /snap/dbeaver-ce/549/usr/share/dbeaver-ce/jre/lib/libfontmanager.so
7194bd20d000-7194bd20e000 rw-p 00000000 00:00 0 
7194bd20e000-7194bd21f000 r--p 00000000 07:0c 1830                       /snap/dbeaver-ce/549/usr/share/dbeaver-ce/jre/lib/libawt_xawt.so
7194bd21f000-7194bd262000 r-xp 00011000 07:0c 1830                       /snap/dbeaver-ce/549/usr/share/dbeaver-ce/jre/lib/libawt_xawt.so
7194bd262000-7194bd276000 r--p 00054000 07:0c 1830                       /snap/dbeaver-ce/549/usr/share/dbeaver-ce/jre/lib/libawt_xawt.so
7194bd276000-7194bd278000 r--p 00067000 07:0c 1830                       /snap/dbeaver-ce/549/usr/share/dbeaver-ce/jre/lib/libawt_xawt.so
7194bd278000-7194bd27a000 rw-p 00069000 07:0c 1830                       /snap/dbeaver-ce/549/usr/share/dbeaver-ce/jre/lib/libawt_xawt.so
7194bd27a000-7194bd27c000 rw-p 00000000 00:00 0 
7194bd27c000-7194bd29b000 r--p 00000000 07:0c 1828                       /snap/dbeaver-ce/549/usr/share/dbeaver-ce/jre/lib/libawt.so
7194bd29b000-7194bd339000 r-xp 0001f000 07:0c 1828                       /snap/dbeaver-ce/549/usr/share/dbeaver-ce/jre/lib/libawt.so
7194bd339000-7194bd346000 r--p 000bd000 07:0c 1828                       /snap/dbeaver-ce/549/usr/share/dbeaver-ce/jre/lib/libawt.so
7194bd346000-7194bd347000 r--p 000c9000 07:0c 1828                       /snap/dbeaver-ce/549/usr/share/dbeaver-ce/jre/lib/libawt.so
7194bd347000-7194bd352000 rw-p 000ca000 07:0c 1828                       /snap/dbeaver-ce/549/usr/share/dbeaver-ce/jre/lib/libawt.so
7194bd352000-7194bd377000 rw-p 00000000 00:00 0 
7194bd377000-7194bd378000 ---p 00000000 00:00 0 
7194bd378000-7194bd478000 rw-p 00000000 00:00 0 
7194bd478000-7194bd479000 ---p 00000000 00:00 0 
7194bd479000-7194bd579000 rw-p 00000000 00:00 0 
7194bd579000-7194bd57a000 ---p 00000000 00:00 0 
7194bd57a000-7194bd67a000 rw-p 00000000 00:00 0 
7194bd67a000-7194bd6b5000 r--p 00000000 08:03 410236                     /home/mcypher/snap/dbeaver-ce/549/.local/share/DBeaverData/install-data/org.jkiss.dbeaver.product/26.2.0-202608301738/org.eclipse.osgi/152/0/.cp/libswt-pi3-gtk-4973r12.so
7194bd6b5000-7194bd6d6000 r-xp 0003b000 08:03 410236                     /home/mcypher/snap/dbeaver-ce/549/.local/share/DBeaverData/install-data/org.jkiss.dbeaver.product/26.2.0-202608301738/org.eclipse.osgi/152/0/.cp/libswt-pi3-gtk-4973r12.so
7194bd6d6000-7194bd6e9000 r--p 0005c000 08:03 410236                     /home/mcypher/snap/dbeaver-ce/549/.local/share/DBeaverData/install-data/org.jkiss.dbeaver.product/26.2.0-202608301738/org.eclipse.osgi/152/0/.cp/libswt-pi3-gtk-4973r12.so
7194bd6e9000-7194bd6ea000 r--p 0006e000 08:03 410236                     /home/mcypher/snap/dbeaver-ce/549/.local/share/DBeaverData/install-data/org.jkiss.dbeaver.product/26.2.0-202608301738/org.eclipse.osgi/152/0/.cp/libswt-pi3-gtk-4973r12.so
7194bd6ea000-7194bd6ed000 rw-p 0006f000 08:03 410236                     /home/mcypher/snap/dbeaver-ce/549/.local/share/DBeaverData/install-data/org.jkiss.dbeaver.product/26.2.0-202608301738/org.eclipse.osgi/152/0/.cp/libswt-pi3-gtk-4973r12.so
7194bd6ed000-7194bd6ee000 rw-p 00000000 00:00 0 
7194bd6ee000-7194bd6f2000 ---p 00000000 00:00 0 
7194bd6f2000-7194bd7ee000 rw-p 00000000 00:00 0 
7194bd7ee000-7194bd7f2000 ---p 00000000 00:00 0 
7194bd7f2000-7194bd8ee000 rw-p 00000000 00:00 0 
7194bd8ee000-7194bd8ef000 ---p 00000000 00:00 0 
7194bd8ef000-7194bd9ef000 rw-p 00000000 00:00 0 
7194bd9ef000-7194bd9f0000 ---p 00000000 00:00 0 
7194bd9f0000-7194bdaf0000 rw-p 00000000 00:00 0 
7194bdaf0000-7194bdaf1000 ---p 00000000 00:00 0 
7194bdaf1000-7194bdbf1000 rw-p 00000000 00:00 0 
7194bdbf1000-7194bdbf2000 ---p 00000000 00:00 0 
7194bdbf2000-7194bdcf2000 rw-p 00000000 00:00 0 
7194bdcf2000-7194bdcf3000 ---p 00000000 00:00 0 
7194bdcf3000-7194bddf3000 rw-p 00000000 00:00 0 
7194bddf3000-7194bddf7000 ---p 00000000 00:00 0 
7194bddf7000-7194bdef3000 rw-p 00000000 00:00 0 
7194bdef3000-7194bdef7000 ---p 00000000 00:00 0 
7194bdef7000-7194bdff3000 rw-p 00000000 00:00 0 
7194bdff3000-7194bdff7000 ---p 00000000 00:00 0 
7194bdff7000-7194be0f3000 rw-p 00000000 00:00 0 
7194be0f3000-7194be0f4000 ---p 00000000 00:00 0 
7194be0f4000-7194be1f4000 rw-p 00000000 00:00 0 
7194be1f4000-7194be1f5000 ---p 00000000 00:00 0 
7194be1f5000-7194be2f5000 rw-p 00000000 00:00 0 
7194be2f5000-7194be2f6000 ---p 00000000 00:00 0 
7194be2f6000-7194be3f6000 rw-p 00000000 00:00 0 
7194be3f6000-7194be3f7000 ---p 00000000 00:00 0 
7194be3f7000-7194be4f7000 rw-p 00000000 00:00 0 
7194be4f7000-7194be4fb000 ---p 00000000 00:00 0 
7194be4fb000-7194be5f7000 rw-p 00000000 00:00 0 
7194be5f7000-7194be5fb000 ---p 00000000 00:00 0 
7194be5fb000-7194be6f7000 rw-p 00000000 00:00 0 
7194be6f7000-7194be6fb000 ---p 00000000 00:00 0 
7194be6fb000-7194be7f7000 rw-p 00000000 00:00 0 
7194be7f7000-7194be7fb000 ---p 00000000 00:00 0 
7194be7fb000-7194be8f7000 rw-p 00000000 00:00 0 
7194be8f7000-7194be8fb000 ---p 00000000 00:00 0 
7194be8fb000-7194be9f7000 rw-p 00000000 00:00 0 
7194be9f7000-7194be9fb000 ---p 00000000 00:00 0 
7194be9fb000-7194beaf7000 rw-p 00000000 00:00 0 
7194beaf7000-7194beafb000 ---p 00000000 00:00 0 
7194beafb000-7194bebf7000 rw-p 00000000 00:00 0 
7194bebf7000-7194bebfb000 ---p 00000000 00:00 0 
7194bebfb000-7194becf7000 rw-p 00000000 00:00 0 
7194becf7000-7194becfb000 ---p 00000000 00:00 0 
7194becfb000-7194bedf7000 rw-p 00000000 00:00 0 
7194bedf7000-7194bedfb000 ---p 00000000 00:00 0 
7194bedfb000-7194beef7000 rw-p 00000000 00:00 0 
7194beef7000-7194beefb000 ---p 00000000 00:00 0 
7194beefb000-7194beff7000 rw-p 00000000 00:00 0 
7194beff7000-7194beffb000 ---p 00000000 00:00 0 
7194beffb000-7194bf0f7000 rw-p 00000000 00:00 0 
7194bf0f7000-7194bf0f8000 ---p 00000000 00:00 0 
7194bf0f8000-7194bf1f8000 rw-p 00000000 00:00 0 
7194bf1f8000-7194bf1fc000 ---p 00000000 00:00 0 
7194bf1fc000-7194bf2f8000 rw-p 00000000 00:00 0 
7194bf2f8000-7194bf2fc000 ---p 00000000 00:00 0 
7194bf2fc000-7194bf3f8000 rw-p 00000000 00:00 0 
7194bf3f8000-7194bf3fc000 ---p 00000000 00:00 0 
7194bf3fc000-7194bf4f8000 rw-p 00000000 00:00 0 
7194bf4f8000-7194bf4fc000 ---p 00000000 00:00 0 
7194bf4fc000-7194bf5f8000 rw-p 00000000 00:00 0 
7194bf5f8000-7194bf5f9000 ---p 00000000 00:00 0 
7194bf5f9000-7194bf6f9000 rw-p 00000000 00:00 0 
7194bf6f9000-7194bf6fa000 ---p 00000000 00:00 0 
7194bf6fa000-7194bf7fa000 rw-p 00000000 00:00 0 
7194bf7fa000-7194bf7fb000 ---p 00000000 00:00 0 
7194bf7fb000-7194bf8fb000 rw-p 00000000 00:00 0 
7194bf8fb000-7194bf8fc000 ---p 00000000 00:00 0 
7194bf8fc000-7194bf9fc000 rw-p 00000000 00:00 0 
7194bf9fc000-7194bf9fd000 ---p 00000000 00:00 0 
7194bf9fd000-7194bfafd000 rw-p 00000000 00:00 0 
7194bfafd000-7194bfafe000 ---p 00000000 00:00 0 
7194bfafe000-7194bfbfe000 rw-p 00000000 00:00 0 
7194bfbfe000-7194bfbff000 ---p 00000000 00:00 0 
7194bfbff000-7194bfcff000 rw-p 00000000 00:00 0 
7194bfcff000-7194bfd00000 ---p 00000000 00:00 0 
7194bfd00000-7194bfe00000 rw-p 00000000 00:00 0 
7194bfe00000-7194bfe04000 ---p 00000000 00:00 0 
7194bfe04000-7194bff00000 rw-p 00000000 00:00 0 
7194bff00000-7194bff04000 ---p 00000000 00:00 0 
7194bff04000-7194c0000000 rw-p 00000000 00:00 0 
7194c0000000-7194c0021000 rw-p 00000000 00:00 0 
7194c0021000-7194c4000000 ---p 00000000 00:00 0 
7194c4000000-7194c4021000 rw-p 00000000 00:00 0 
7194c4021000-7194c8000000 ---p 00000000 00:00 0 
7194c8000000-7194c8062000 rw-p 00000000 00:00 0 
7194c8062000-7194cc000000 ---p 00000000 00:00 0 
7194cc000000-7194cc021000 rw-p 00000000 00:00 0 
7194cc021000-7194d0000000 ---p 00000000 00:00 0 
7194d0000000-7194d0084000 rw-p 00000000 00:00 0 
7194d0084000-7194d4000000 ---p 00000000 00:00 0 
7194d4000000-7194d47a8000 rw-p 00000000 00:00 0 
7194d47a8000-7194d8000000 ---p 00000000 00:00 0 
7194d8000000-7194d8021000 rw-p 00000000 00:00 0 
7194d8021000-7194dc000000 ---p 00000000 00:00 0 
7194dc000000-7194dc021000 rw-p 00000000 00:00 0 
7194dc021000-7194e0000000 ---p 00000000 00:00 0 
7194e0000000-7194e0021000 rw-p 00000000 00:00 0 
7194e0021000-7194e4000000 ---p 00000000 00:00 0 
7194e4000000-7194e4021000 rw-p 00000000 00:00 0 
7194e4021000-7194e8000000 ---p 00000000 00:00 0 
7194e8000000-7194e8021000 rw-p 00000000 00:00 0 
7194e8021000-7194ec000000 ---p 00000000 00:00 0 
7194ec000000-7194ec021000 rw-p 00000000 00:00 0 
7194ec021000-7194f0000000 ---p 00000000 00:00 0 
7194f0000000-7194f02d6000 rw-p 00000000 00:00 0 
7194f02d6000-7194f4000000 ---p 00000000 00:00 0 
7194f4000000-7194f4021000 rw-p 00000000 00:00 0 
7194f4021000-7194f8000000 ---p 00000000 00:00 0 
7194f8000000-7194f80a9000 rw-p 00000000 00:00 0 
7194f80a9000-7194fc000000 ---p 00000000 00:00 0 
7194fc000000-7194fc300000 rw-p 00000000 00:00 0 
7194fc300000-719500000000 ---p 00000000 00:00 0 
719500000000-719500021000 rw-p 00000000 00:00 0 
719500021000-719504000000 ---p 00000000 00:00 0 
719504000000-719504021000 rw-p 00000000 00:00 0 
719504021000-719508000000 ---p 00000000 00:00 0 
719508000000-719508021000 rw-p 00000000 00:00 0 
719508021000-71950c000000 ---p 00000000 00:00 0 
71950c000000-71950c021000 rw-p 00000000 00:00 0 
71950c021000-719510000000 ---p 00000000 00:00 0 
719510000000-719510021000 rw-p 00000000 00:00 0 
719510021000-719514000000 ---p 00000000 00:00 0 
719514000000-719514021000 rw-p 00000000 00:00 0 
719514021000-719518000000 ---p 00000000 00:00 0 
719518002000-71951800c000 r--p 00000000 08:03 4738043                    /usr/share/icons/Adwaita/icon-theme.cache
71951800c000-71951803a000 r--p 00000000 08:03 4755274                    /usr/share/icons/Yaru/icon-theme.cache
71951803a000-71951803b000 r--p 00000000 07:0c 1836                       /snap/dbeaver-ce/549/usr/share/dbeaver-ce/jre/lib/libjaas.so
71951803b000-71951803c000 r-xp 00001000 07:0c 1836                       /snap/dbeaver-ce/549/usr/share/dbeaver-ce/jre/lib/libjaas.so
71951803c000-71951803d000 r--p 00002000 07:0c 1836                       /snap/dbeaver-ce/549/usr/share/dbeaver-ce/jre/lib/libjaas.so
71951803d000-71951803e000 r--p 00002000 07:0c 1836                       /snap/dbeaver-ce/549/usr/share/dbeaver-ce/jre/lib/libjaas.so
71951803e000-71951803f000 rw-p 00003000 07:0c 1836                       /snap/dbeaver-ce/549/usr/share/dbeaver-ce/jre/lib/libjaas.so
71951803f000-719518041000 r--p 00000000 07:0c 1846                       /snap/dbeaver-ce/549/usr/share/dbeaver-ce/jre/lib/libmanagement_ext.so
719518041000-719518044000 r-xp 00002000 07:0c 1846                       /snap/dbeaver-ce/549/usr/share/dbeaver-ce/jre/lib/libmanagement_ext.so
719518044000-719518045000 r--p 00005000 07:0c 1846                       /snap/dbeaver-ce/549/usr/share/dbeaver-ce/jre/lib/libmanagement_ext.so
719518045000-719518046000 r--p 00006000 07:0c 1846                       /snap/dbeaver-ce/549/usr/share/dbeaver-ce/jre/lib/libmanagement_ext.so
719518046000-719518047000 rw-p 00007000 07:0c 1846                       /snap/dbeaver-ce/549/usr/share/dbeaver-ce/jre/lib/libmanagement_ext.so
719518047000-71951804a000 r--p 00000000 07:0c 1845                       /snap/dbeaver-ce/549/usr/share/dbeaver-ce/jre/lib/libmanagement.so
71951804a000-71951804b000 r-xp 00003000 07:0c 1845                       /snap/dbeaver-ce/549/usr/share/dbeaver-ce/jre/lib/libmanagement.so
71951804b000-71951804c000 r--p 00004000 07:0c 1845                       /snap/dbeaver-ce/549/usr/share/dbeaver-ce/jre/lib/libmanagement.so
71951804c000-71951804d000 r--p 00004000 07:0c 1845                       /snap/dbeaver-ce/549/usr/share/dbeaver-ce/jre/lib/libmanagement.so
71951804d000-71951804e000 rw-p 00005000 07:0c 1845                       /snap/dbeaver-ce/549/usr/share/dbeaver-ce/jre/lib/libmanagement.so
71951804e000-71951808d000 r--p 00000000 08:03 410235                     /home/mcypher/snap/dbeaver-ce/549/.local/share/DBeaverData/install-data/org.jkiss.dbeaver.product/26.2.0-202608301738/org.eclipse.osgi/152/0/.cp/libswt-gtk-4973r12.so
71951808d000-7195180b6000 r-xp 0003f000 08:03 410235                     /home/mcypher/snap/dbeaver-ce/549/.local/share/DBeaverData/install-data/org.jkiss.dbeaver.product/26.2.0-202608301738/org.eclipse.osgi/152/0/.cp/libswt-gtk-4973r12.so
7195180b6000-7195180db000 r--p 00068000 08:03 410235                     /home/mcypher/snap/dbeaver-ce/549/.local/share/DBeaverData/install-data/org.jkiss.dbeaver.product/26.2.0-202608301738/org.eclipse.osgi/152/0/.cp/libswt-gtk-4973r12.so
7195180db000-7195180dc000 r--p 0008c000 08:03 410235                     /home/mcypher/snap/dbeaver-ce/549/.local/share/DBeaverData/install-data/org.jkiss.dbeaver.product/26.2.0-202608301738/org.eclipse.osgi/152/0/.cp/libswt-gtk-4973r12.so
7195180dc000-7195180e4000 rw-p 0008d000 08:03 410235                     /home/mcypher/snap/dbeaver-ce/549/.local/share/DBeaverData/install-data/org.jkiss.dbeaver.product/26.2.0-202608301738/org.eclipse.osgi/152/0/.cp/libswt-gtk-4973r12.so
7195180e4000-7195180e8000 rw-p 00000000 00:00 0 
7195180e8000-7195180ec000 r--p 00000000 07:0c 1855                       /snap/dbeaver-ce/549/usr/share/dbeaver-ce/jre/lib/libverify.so
7195180ec000-7195180f5000 r-xp 00004000 07:0c 1855                       /snap/dbeaver-ce/549/usr/share/dbeaver-ce/jre/lib/libverify.so
7195180f5000-7195180f7000 r--p 0000d000 07:0c 1855                       /snap/dbeaver-ce/549/usr/share/dbeaver-ce/jre/lib/libverify.so
7195180f7000-7195180f9000 r--p 0000e000 07:0c 1855                       /snap/dbeaver-ce/549/usr/share/dbeaver-ce/jre/lib/libverify.so
7195180f9000-7195180fa000 rw-p 00010000 07:0c 1855                       /snap/dbeaver-ce/549/usr/share/dbeaver-ce/jre/lib/libverify.so
7195180fa000-7195180fe000 ---p 00000000 00:00 0 
7195180fe000-7195181fa000 rw-p 00000000 00:00 0 
7195181fa000-7195181fe000 ---p 00000000 00:00 0 
7195181fe000-7195182fa000 rw-p 00000000 00:00 0 
7195182fa000-7195182fe000 ---p 00000000 00:00 0 
7195182fe000-7195183fa000 rw-p 00000000 00:00 0 
7195183fa000-7195183fe000 ---p 00000000 00:00 0 
7195183fe000-7195184fa000 rw-p 00000000 00:00 0 
7195184fa000-7195184fe000 ---p 00000000 00:00 0 
7195184fe000-7195185fa000 rw-p 00000000 00:00 0 
7195185fa000-7195185fe000 ---p 00000000 00:00 0 
7195185fe000-7195186fa000 rw-p 00000000 00:00 0 
7195186fa000-7195186fe000 ---p 00000000 00:00 0 
7195186fe000-7195187fa000 rw-p 00000000 00:00 0 
7195187fa000-7195187fe000 ---p 00000000 00:00 0 
7195187fe000-7195188fa000 rw-p 00000000 00:00 0 
7195188fa000-7195188fe000 ---p 00000000 00:00 0 
7195188fe000-7195189fa000 rw-p 00000000 00:00 0 
7195189fa000-7195189fe000 ---p 00000000 00:00 0 
7195189fe000-719518afa000 rw-p 00000000 00:00 0 
719518afa000-719518afe000 ---p 00000000 00:00 0 
719518afe000-719518bfa000 rw-p 00000000 00:00 0 
719518bfa000-719518bfe000 ---p 00000000 00:00 0 
719518bfe000-719518cfa000 rw-p 00000000 00:00 0 
719518cfa000-719518cfe000 ---p 00000000 00:00 0 
719518cfe000-719518dfa000 rw-p 00000000 00:00 0 
719518dfa000-719518dfe000 ---p 00000000 00:00 0 
719518dfe000-719518efa000 rw-p 00000000 00:00 0 
719518efa000-719518efe000 ---p 00000000 00:00 0 
719518efe000-719518ffa000 rw-p 00000000 00:00 0 
719518ffa000-719518ffb000 ---p 00000000 00:00 0 
719518ffb000-7195197fb000 rw-p 00000000 00:00 0 
7195197fb000-7195197fc000 ---p 00000000 00:00 0 
7195197fc000-719519ffc000 rw-p 00000000 00:00 0 
719519ffc000-719519ffd000 ---p 00000000 00:00 0 
719519ffd000-71951a7fd000 rw-p 00000000 00:00 0 
71951a7fd000-71951a7fe000 ---p 00000000 00:00 0 
71951a7fe000-71951affe000 rw-p 00000000 00:00 0 
71951affe000-71951afff000 ---p 00000000 00:00 0 
71951afff000-71951b7ff000 rw-p 00000000 00:00 0 
71951b7ff000-71951b800000 ---p 00000000 00:00 0 
71951b800000-71951c000000 rw-p 00000000 00:00 0 
71951c000000-71951d2a9000 rw-p 00000000 00:00 0 
71951d2a9000-719520000000 ---p 00000000 00:00 0 
719520000000-719520021000 rw-p 00000000 00:00 0 
719520021000-719524000000 ---p 00000000 00:00 0 
719524000000-719524598000 rw-p 00000000 00:00 0 
719524598000-719528000000 ---p 00000000 00:00 0 
719528000000-71952846f000 rw-p 00000000 00:00 0 
71952846f000-71952c000000 ---p 00000000 00:00 0 
71952c000000-71952dfca000 rw-p 00000000 00:00 0 
71952dfca000-719530000000 ---p 00000000 00:00 0 
719530000000-719530560000 rw-p 00000000 00:00 0 
719530560000-719534000000 ---p 00000000 00:00 0 
719534000000-719534021000 rw-p 00000000 00:00 0 
719534021000-719538000000 ---p 00000000 00:00 0 
719538000000-719538021000 rw-p 00000000 00:00 0 
719538021000-71953c000000 ---p 00000000 00:00 0 
71953c000000-71953c021000 rw-p 00000000 00:00 0 
71953c021000-719540000000 ---p 00000000 00:00 0 
719540000000-719540021000 rw-p 00000000 00:00 0 
719540021000-719544000000 ---p 00000000 00:00 0 
719544000000-719544039000 rw-p 00000000 00:00 0 
719544039000-719548000000 ---p 00000000 00:00 0 
719548000000-719548021000 rw-p 00000000 00:00 0 
719548021000-71954c000000 ---p 00000000 00:00 0 
71954c000000-71954c500000 rw-p 00000000 00:00 0 
71954c500000-71954c520000 rw-p 00000000 00:00 0 
71954c520000-71954c540000 rw-p 00000000 00:00 0 
71954c540000-71954c580000 rw-p 00000000 00:00 0 
71954c580000-71954c700000 rw-p 00000000 00:00 0 
71954c700000-71954c720000 rw-p 00000000 00:00 0 
71954c720000-71954c740000 rw-p 00000000 00:00 0 
71954c740000-71954c780000 rw-p 00000000 00:00 0 
71954c780000-71954c900000 rw-p 00000000 00:00 0 
71954c900000-71954c920000 rw-p 00000000 00:00 0 
71954c920000-71954c940000 rw-p 00000000 00:00 0 
71954c940000-71954c980000 rw-p 00000000 00:00 0 
71954c980000-71954cb00000 rw-p 00000000 00:00 0 
71954cb00000-71954cbe0000 rw-p 00000000 00:00 0 
71954cbe0000-71954cc00000 rw-p 00000000 00:00 0 
71954cc00000-71954cd00000 rw-p 00000000 00:00 0 
71954cd00000-71954ce00000 rw-p 00000000 00:00 0 
71954ce00000-71954cf80000 rw-p 00000000 00:00 0 
71954cf80000-71954d000000 rw-p 00000000 00:00 0 
71954d000000-71954d100000 rw-p 00000000 00:00 0 
71954d100000-71954d200000 rw-p 00000000 00:00 0 
71954d200000-71954d300000 rw-p 00000000 00:00 0 
71954d300000-71954d400000 rw-p 00000000 00:00 0 
71954d400000-71954d780000 rw-p 00000000 00:00 0 
71954d780000-71954d800000 rw-p 00000000 00:00 0 
71954d800000-71954d900000 rw-p 00000000 00:00 0 
71954d900000-71954db00000 rw-p 00000000 00:00 0 
71954db00000-71954e100000 rw-p 00000000 00:00 0 
71954e100000-71954e200000 rw-p 00000000 00:00 0 
71954e200000-71954eb00000 rw-p 00000000 00:00 0 
71954eb00000-71954eb60000 rw-p 00000000 00:00 0 
71954eb60000-71954ec00000 ---p 00000000 00:00 0 
71954ec00000-71954f0e0000 rw-p 00000000 00:00 0 
71954f0e0000-719550000000 ---p 00000000 00:00 0 
719550000000-719550021000 rw-p 00000000 00:00 0 
719550021000-719554000000 ---p 00000000 00:00 0 
719554000000-719554021000 rw-p 00000000 00:00 0 
719554021000-719558000000 ---p 00000000 00:00 0 
719558000000-719558021000 rw-p 00000000 00:00 0 
719558021000-71955c000000 ---p 00000000 00:00 0 
71955c001000-71955c003000 r--p 00000000 08:03 4602894                    /usr/lib/x86_64-linux-gnu/libXtst.so.6.1.0
71955c003000-71955c006000 r-xp 00002000 08:03 4602894                    /usr/lib/x86_64-linux-gnu/libXtst.so.6.1.0
71955c006000-71955c007000 r--p 00005000 08:03 4602894                    /usr/lib/x86_64-linux-gnu/libXtst.so.6.1.0
71955c007000-71955c008000 r--p 00005000 08:03 4602894                    /usr/lib/x86_64-linux-gnu/libXtst.so.6.1.0
71955c008000-71955c009000 rw-p 00006000 08:03 4602894                    /usr/lib/x86_64-linux-gnu/libXtst.so.6.1.0
71955c009000-71955c00d000 ---p 00000000 00:00 0 
71955c00d000-71955c109000 rw-p 00000000 00:00 0 
71955c109000-71955c211000 r--p 00000000 08:03 4622474                    /usr/share/fonts/truetype/ubuntu/UbuntuSans[wdth,wght].ttf
71955c211000-71955c319000 r--p 00000000 08:03 4622474                    /usr/share/fonts/truetype/ubuntu/UbuntuSans[wdth,wght].ttf
71955c319000-71955c31f000 r--s 00000000 08:03 137851                     /var/cache/fontconfig/93a229ddef8289df64ac13624924bd14-le64.cache-9
71955c31f000-71955c323000 r--s 00000000 08:03 137846                     /var/cache/fontconfig/62a296f92cd800a49657533f3dfe810f-le64.cache-9
71955c323000-71955c331000 r--s 00000000 08:03 138123                     /var/cache/fontconfig/a4e60e8d1e10d2fdff3fe3037a1845fb-le64.cache-9
71955c331000-71955c336000 r--s 00000000 08:03 140372                     /var/cache/fontconfig/6aa41aa22e18b8fa06a12da28ea9c28b-le64.cache-9
71955c336000-71955c394000 r--s 00000000 08:03 138108                     /var/cache/fontconfig/2300eef321c393bfd76478a5c0e95b23-le64.cache-9
71955c394000-71955c39a000 r--s 00000000 08:03 188652                     /var/cache/fontconfig/bbd3eebb6912613e2596f2fd46535a95-le64.cache-9
71955c39a000-71955c40f000 r--s 00000000 08:03 138106                     /var/cache/fontconfig/0bd3dc0958fa2205aaaa8ebb13e2872b-le64.cache-9
71955c40f000-71955c414000 r--s 00000000 08:03 163977                     /var/cache/fontconfig/c57959a16110560c8d0fcea73374aeeb-le64.cache-9
71955c414000-71955c41c000 r--s 00000000 08:03 138109                     /var/cache/fontconfig/3047814df9a2f067bd2d96a2b9c36e5a-le64.cache-9
71955c41c000-71955c425000 r--s 00000000 08:03 142206                     /var/cache/fontconfig/bf3b770c553c462765856025a94f1ce6-le64.cache-9
71955c425000-71955c435000 r--s 00000000 08:03 138117                     /var/cache/fontconfig/6cc790b63b123a6a96ee260fcdad32a9-le64.cache-9
71955c435000-71955c446000 r--s 00000000 08:03 138121                     /var/cache/fontconfig/9b89f8e3dae116d678bbf48e5f21f69b-le64.cache-9
71955c446000-71955c472000 r--s 00000000 08:03 140109                     /var/cache/fontconfig/e13b20fdb08344e0e664864cc2ede53d-le64.cache-9
71955c472000-71955c497000 r--s 00000000 08:03 140110                     /var/cache/fontconfig/467c019e582ee353435ea5c21d137ef6-le64.cache-9
71955c497000-71955c4bf000 r--s 00000000 08:03 4590012                    /usr/share/mime/mime.cache
71955c4bf000-71955c4d1000 r--p 00000000 08:03 4589360                    /usr/lib/x86_64-linux-gnu/gvfs/libgvfscommon.so
71955c4d1000-71955c4ed000 r-xp 00012000 08:03 4589360                    /usr/lib/x86_64-linux-gnu/gvfs/libgvfscommon.so
71955c4ed000-71955c4f9000 r--p 0002e000 08:03 4589360                    /usr/lib/x86_64-linux-gnu/gvfs/libgvfscommon.so
71955c4f9000-71955c4ff000 r--p 00039000 08:03 4589360                    /usr/lib/x86_64-linux-gnu/gvfs/libgvfscommon.so
71955c4ff000-71955c500000 rw-p 0003f000 08:03 4589360                    /usr/lib/x86_64-linux-gnu/gvfs/libgvfscommon.so
71955c500000-71955c50a000 r--p 00000000 08:03 4589363                    /usr/lib/x86_64-linux-gnu/gio/modules/libgvfsdbus.so
71955c50a000-71955c528000 r-xp 0000a000 08:03 4589363                    /usr/lib/x86_64-linux-gnu/gio/modules/libgvfsdbus.so
71955c528000-71955c530000 r--p 00028000 08:03 4589363                    /usr/lib/x86_64-linux-gnu/gio/modules/libgvfsdbus.so
71955c530000-71955c532000 r--p 00030000 08:03 4589363                    /usr/lib/x86_64-linux-gnu/gio/modules/libgvfsdbus.so
71955c532000-71955c533000 rw-p 00032000 08:03 4589363                    /usr/lib/x86_64-linux-gnu/gio/modules/libgvfsdbus.so
71955c533000-71955c773000 rw-s 00000000 00:01 3731                       /memfd:wayland-cursor (deleted)
71955c773000-71955c7a8000 r--p 00000000 08:03 4646559                    /usr/share/glib-2.0/schemas/gschemas.compiled
71955c7a8000-71955c7ac000 r--p 00000000 08:03 4603227                    /usr/lib/x86_64-linux-gnu/libgpg-error.so.0.34.0
71955c7ac000-71955c7c2000 r-xp 00004000 08:03 4603227                    /usr/lib/x86_64-linux-gnu/libgpg-error.so.0.34.0
71955c7c2000-71955c7cb000 r--p 0001a000 08:03 4603227                    /usr/lib/x86_64-linux-gnu/libgpg-error.so.0.34.0
71955c7cb000-71955c7cc000 r--p 00023000 08:03 4603227                    /usr/lib/x86_64-linux-gnu/libgpg-error.so.0.34.0
71955c7cc000-71955c7cd000 rw-p 00024000 08:03 4603227                    /usr/lib/x86_64-linux-gnu/libgpg-error.so.0.34.0
71955c7cd000-71955c7d1000 r--p 00000000 08:03 4603767                    /usr/lib/x86_64-linux-gnu/libzstd.so.1.5.5
71955c7d1000-71955c878000 r-xp 00004000 08:03 4603767                    /usr/lib/x86_64-linux-gnu/libzstd.so.1.5.5
71955c878000-71955c885000 r--p 000ab000 08:03 4603767                    /usr/lib/x86_64-linux-gnu/libzstd.so.1.5.5
71955c885000-71955c886000 r--p 000b7000 08:03 4603767                    /usr/lib/x86_64-linux-gnu/libzstd.so.1.5.5
71955c886000-71955c887000 rw-p 000b8000 08:03 4603767                    /usr/lib/x86_64-linux-gnu/libzstd.so.1.5.5
71955c887000-71955c88a000 r--p 00000000 08:03 4591725                    /usr/lib/x86_64-linux-gnu/liblzma.so.5.4.5
71955c88a000-71955c8ac000 r-xp 00003000 08:03 4591725                    /usr/lib/x86_64-linux-gnu/liblzma.so.5.4.5
71955c8ac000-71955c8b7000 r--p 00025000 08:03 4591725                    /usr/lib/x86_64-linux-gnu/liblzma.so.5.4.5
71955c8b7000-71955c8b8000 r--p 00030000 08:03 4591725                    /usr/lib/x86_64-linux-gnu/liblzma.so.5.4.5
71955c8b8000-71955c8b9000 rw-p 00031000 08:03 4591725                    /usr/lib/x86_64-linux-gnu/liblzma.so.5.4.5
71955c8b9000-71955c8bc000 r--p 00000000 08:03 4603371                    /usr/lib/x86_64-linux-gnu/liblz4.so.1.9.4
71955c8bc000-71955c8d7000 r-xp 00003000 08:03 4603371                    /usr/lib/x86_64-linux-gnu/liblz4.so.1.9.4
71955c8d7000-71955c8d9000 r--p 0001e000 08:03 4603371                    /usr/lib/x86_64-linux-gnu/liblz4.so.1.9.4
71955c8d9000-71955c8da000 r--p 00020000 08:03 4603371                    /usr/lib/x86_64-linux-gnu/liblz4.so.1.9.4
71955c8da000-71955c8db000 rw-p 00021000 08:03 4603371                    /usr/lib/x86_64-linux-gnu/liblz4.so.1.9.4
71955c8db000-71955c8ea000 r--p 00000000 08:03 4601716                    /usr/lib/x86_64-linux-gnu/libgcrypt.so.20.4.3
71955c8ea000-71955c9df000 r-xp 0000f000 08:03 4601716                    /usr/lib/x86_64-linux-gnu/libgcrypt.so.20.4.3
71955c9df000-71955ca1a000 r--p 00104000 08:03 4601716                    /usr/lib/x86_64-linux-gnu/libgcrypt.so.20.4.3
71955ca1a000-71955ca1f000 r--p 0013f000 08:03 4601716                    /usr/lib/x86_64-linux-gnu/libgcrypt.so.20.4.3
71955ca1f000-71955ca23000 rw-p 00144000 08:03 4601716                    /usr/lib/x86_64-linux-gnu/libgcrypt.so.20.4.3
71955ca23000-71955ca24000 rw-p 00000000 00:00 0 
71955ca24000-71955ca27000 r--p 00000000 08:03 4588671                    /usr/lib/x86_64-linux-gnu/libcap.so.2.66
71955ca27000-71955ca2d000 r-xp 00003000 08:03 4588671                    /usr/lib/x86_64-linux-gnu/libcap.so.2.66
71955ca2d000-71955ca2f000 r--p 00009000 08:03 4588671                    /usr/lib/x86_64-linux-gnu/libcap.so.2.66
71955ca2f000-71955ca30000 r--p 0000b000 08:03 4588671                    /usr/lib/x86_64-linux-gnu/libcap.so.2.66
71955ca30000-71955ca31000 rw-p 0000c000 08:03 4588671                    /usr/lib/x86_64-linux-gnu/libcap.so.2.66
71955ca31000-71955ca47000 r--p 00000000 08:03 4591791                    /usr/lib/x86_64-linux-gnu/libsystemd.so.0.38.0
71955ca47000-71955cad6000 r-xp 00016000 08:03 4591791                    /usr/lib/x86_64-linux-gnu/libsystemd.so.0.38.0
71955cad6000-71955cb04000 r--p 000a5000 08:03 4591791                    /usr/lib/x86_64-linux-gnu/libsystemd.so.0.38.0
71955cb04000-71955cb0f000 r--p 000d2000 08:03 4591791                    /usr/lib/x86_64-linux-gnu/libsystemd.so.0.38.0
71955cb0f000-71955cb10000 rw-p 000dd000 08:03 4591791                    /usr/lib/x86_64-linux-gnu/libsystemd.so.0.38.0
71955cb10000-71955cb11000 rw-p 00000000 00:00 0 
71955cb11000-71955cb1d000 r--p 00000000 08:03 4603078                    /usr/lib/x86_64-linux-gnu/libdbus-1.so.3.32.4
71955cb1d000-71955cb4d000 r-xp 0000c000 08:03 4603078                    /usr/lib/x86_64-linux-gnu/libdbus-1.so.3.32.4
71955cb4d000-71955cb5e000 r--p 0003c000 08:03 4603078                    /usr/lib/x86_64-linux-gnu/libdbus-1.so.3.32.4
71955cb5e000-71955cb5f000 r--p 0004c000 08:03 4603078                    /usr/lib/x86_64-linux-gnu/libdbus-1.so.3.32.4
71955cb5f000-71955cb60000 rw-p 0004d000 08:03 4603078                    /usr/lib/x86_64-linux-gnu/libdbus-1.so.3.32.4
71955cb60000-71955cb70000 r--p 00000000 08:03 4602988                    /usr/lib/x86_64-linux-gnu/libatspi.so.0.0.1
71955cb70000-71955cb89000 r-xp 00010000 08:03 4602988                    /usr/lib/x86_64-linux-gnu/libatspi.so.0.0.1
71955cb89000-71955cb96000 r--p 00029000 08:03 4602988                    /usr/lib/x86_64-linux-gnu/libatspi.so.0.0.1
71955cb96000-71955cb99000 r--p 00036000 08:03 4602988                    /usr/lib/x86_64-linux-gnu/libatspi.so.0.0.1
71955cb99000-71955cb9a000 rw-p 00039000 08:03 4602988                    /usr/lib/x86_64-linux-gnu/libatspi.so.0.0.1
71955cb9a000-71955cba6000 r--p 00000000 08:03 4602984                    /usr/lib/x86_64-linux-gnu/libatk-bridge-2.0.so.0.0.0
71955cba6000-71955cbc0000 r-xp 0000c000 08:03 4602984                    /usr/lib/x86_64-linux-gnu/libatk-bridge-2.0.so.0.0.0
71955cbc0000-71955cbd3000 r--p 00026000 08:03 4602984                    /usr/lib/x86_64-linux-gnu/libatk-bridge-2.0.so.0.0.0
71955cbd3000-71955cbd4000 r--p 00039000 08:03 4602984                    /usr/lib/x86_64-linux-gnu/libatk-bridge-2.0.so.0.0.0
71955cbd4000-71955cbd6000 rw-p 0003a000 08:03 4602984                    /usr/lib/x86_64-linux-gnu/libatk-bridge-2.0.so.0.0.0
71955cbd6000-71955cbe1000 r--p 00000000 08:03 4602983                    /usr/lib/x86_64-linux-gnu/libatk-1.0.so.0.25209.1
71955cbe1000-71955cbf1000 r-xp 0000b000 08:03 4602983                    /usr/lib/x86_64-linux-gnu/libatk-1.0.so.0.25209.1
71955cbf1000-71955cbfc000 r--p 0001b000 08:03 4602983                    /usr/lib/x86_64-linux-gnu/libatk-1.0.so.0.25209.1
71955cbfc000-71955cbff000 r--p 00026000 08:03 4602983                    /usr/lib/x86_64-linux-gnu/libatk-1.0.so.0.25209.1
71955cbff000-71955cc00000 rw-p 00029000 08:03 4602983                    /usr/lib/x86_64-linux-gnu/libatk-1.0.so.0.25209.1
71955cc00000-71955cc83000 r--p 00000000 08:03 4603265                    /usr/lib/x86_64-linux-gnu/libgtk-3.so.0.2409.32
71955cc83000-71955d031000 r-xp 00083000 08:03 4603265                    /usr/lib/x86_64-linux-gnu/libgtk-3.so.0.2409.32
71955d031000-71955d3b6000 r--p 00431000 08:03 4603265                    /usr/lib/x86_64-linux-gnu/libgtk-3.so.0.2409.32
71955d3b6000-71955d3c6000 r--p 007b5000 08:03 4603265                    /usr/lib/x86_64-linux-gnu/libgtk-3.so.0.2409.32
71955d3c6000-71955d3c8000 rw-p 007c5000 08:03 4603265                    /usr/lib/x86_64-linux-gnu/libgtk-3.so.0.2409.32
71955d3c8000-71955d3cd000 rw-p 00000000 00:00 0 
71955d3ce000-71955d3d0000 r--p 00000000 08:03 4603386                    /usr/lib/x86_64-linux-gnu/libmd.so.0.1.0
71955d3d0000-71955d3d9000 r-xp 00002000 08:03 4603386                    /usr/lib/x86_64-linux-gnu/libmd.so.0.1.0
71955d3d9000-71955d3db000 r--p 0000b000 08:03 4603386                    /usr/lib/x86_64-linux-gnu/libmd.so.0.1.0
71955d3db000-71955d3dc000 r--p 0000c000 08:03 4603386                    /usr/lib/x86_64-linux-gnu/libmd.so.0.1.0
71955d3dc000-71955d3dd000 rw-p 0000d000 08:03 4603386                    /usr/lib/x86_64-linux-gnu/libmd.so.0.1.0
71955d3dd000-71955d3e1000 r--p 00000000 08:03 4603027                    /usr/lib/x86_64-linux-gnu/libbsd.so.0.12.1
71955d3e1000-71955d3ed000 r-xp 00004000 08:03 4603027                    /usr/lib/x86_64-linux-gnu/libbsd.so.0.12.1
71955d3ed000-71955d3f0000 r--p 00010000 08:03 4603027                    /usr/lib/x86_64-linux-gnu/libbsd.so.0.12.1
71955d3f0000-71955d3f1000 r--p 00012000 08:03 4603027                    /usr/lib/x86_64-linux-gnu/libbsd.so.0.12.1
71955d3f1000-71955d3f2000 rw-p 00013000 08:03 4603027                    /usr/lib/x86_64-linux-gnu/libbsd.so.0.12.1
71955d3f2000-71955d3f3000 rw-p 00000000 00:00 0 
71955d3f3000-71955d3f4000 r--p 00000000 08:03 4603024                    /usr/lib/x86_64-linux-gnu/libbrotlicommon.so.1.1.0
71955d3f4000-71955d3f5000 r-xp 00001000 08:03 4603024                    /usr/lib/x86_64-linux-gnu/libbrotlicommon.so.1.1.0
71955d3f5000-71955d414000 r--p 00002000 08:03 4603024                    /usr/lib/x86_64-linux-gnu/libbrotlicommon.so.1.1.0
71955d414000-71955d415000 r--p 00021000 08:03 4603024                    /usr/lib/x86_64-linux-gnu/libbrotlicommon.so.1.1.0
71955d415000-71955d416000 rw-p 00022000 08:03 4603024                    /usr/lib/x86_64-linux-gnu/libbrotlicommon.so.1.1.0
71955d416000-71955d41d000 r--p 00000000 08:03 4588582                    /usr/lib/x86_64-linux-gnu/libblkid.so.1.1.0
71955d41d000-71955d441000 r-xp 00007000 08:03 4588582                    /usr/lib/x86_64-linux-gnu/libblkid.so.1.1.0
71955d441000-71955d44a000 r--p 0002b000 08:03 4588582                    /usr/lib/x86_64-linux-gnu/libblkid.so.1.1.0
71955d44a000-71955d450000 r--p 00033000 08:03 4588582                    /usr/lib/x86_64-linux-gnu/libblkid.so.1.1.0
71955d450000-71955d451000 rw-p 00039000 08:03 4588582                    /usr/lib/x86_64-linux-gnu/libblkid.so.1.1.0
71955d451000-71955d454000 r--p 00000000 08:03 4602401                    /usr/lib/x86_64-linux-gnu/libgraphite2.so.3.2.1
71955d454000-71955d471000 r-xp 00003000 08:03 4602401                    /usr/lib/x86_64-linux-gnu/libgraphite2.so.3.2.1
71955d471000-71955d474000 r--p 00020000 08:03 4602401                    /usr/lib/x86_64-linux-gnu/libgraphite2.so.3.2.1
71955d474000-71955d476000 r--p 00022000 08:03 4602401                    /usr/lib/x86_64-linux-gnu/libgraphite2.so.3.2.1
71955d476000-71955d477000 rw-p 00024000 08:03 4602401                    /usr/lib/x86_64-linux-gnu/libgraphite2.so.3.2.1
71955d477000-71955d479000 r--p 00000000 08:03 4603076                    /usr/lib/x86_64-linux-gnu/libdatrie.so.1.4.0
71955d479000-71955d47d000 r-xp 00002000 08:03 4603076                    /usr/lib/x86_64-linux-gnu/libdatrie.so.1.4.0
71955d47d000-71955d47e000 r--p 00006000 08:03 4603076                    /usr/lib/x86_64-linux-gnu/libdatrie.so.1.4.0
71955d47e000-71955d47f000 r--p 00006000 08:03 4603076                    /usr/lib/x86_64-linux-gnu/libdatrie.so.1.4.0
71955d47f000-71955d480000 rw-p 00007000 08:03 4603076                    /usr/lib/x86_64-linux-gnu/libdatrie.so.1.4.0
71955d480000-71955d482000 r--p 00000000 08:03 4602880                    /usr/lib/x86_64-linux-gnu/libXdmcp.so.6.0.0
71955d482000-71955d484000 r-xp 00002000 08:03 4602880                    /usr/lib/x86_64-linux-gnu/libXdmcp.so.6.0.0
71955d484000-71955d486000 r--p 00004000 08:03 4602880                    /usr/lib/x86_64-linux-gnu/libXdmcp.so.6.0.0
71955d486000-71955d487000 r--p 00005000 08:03 4602880                    /usr/lib/x86_64-linux-gnu/libXdmcp.so.6.0.0
71955d487000-71955d488000 rw-p 00006000 08:03 4602880                    /usr/lib/x86_64-linux-gnu/libXdmcp.so.6.0.0
71955d488000-71955d489000 r--p 00000000 08:03 4602875                    /usr/lib/x86_64-linux-gnu/libXau.so.6.0.0
71955d489000-71955d48b000 r-xp 00001000 08:03 4602875                    /usr/lib/x86_64-linux-gnu/libXau.so.6.0.0
71955d48b000-71955d48c000 r--p 00003000 08:03 4602875                    /usr/lib/x86_64-linux-gnu/libXau.so.6.0.0
71955d48c000-71955d48d000 r--p 00003000 08:03 4602875                    /usr/lib/x86_64-linux-gnu/libXau.so.6.0.0
71955d48d000-71955d48e000 rw-p 00004000 08:03 4602875                    /usr/lib/x86_64-linux-gnu/libXau.so.6.0.0
71955d48e000-71955d48f000 r--p 00000000 08:03 4603025                    /usr/lib/x86_64-linux-gnu/libbrotlidec.so.1.1.0
71955d48f000-71955d497000 r-xp 00001000 08:03 4603025                    /usr/lib/x86_64-linux-gnu/libbrotlidec.so.1.1.0
71955d497000-71955d49a000 r--p 00009000 08:03 4603025                    /usr/lib/x86_64-linux-gnu/libbrotlidec.so.1.1.0
71955d49a000-71955d49b000 r--p 0000b000 08:03 4603025                    /usr/lib/x86_64-linux-gnu/libbrotlidec.so.1.1.0
71955d49b000-71955d49c000 rw-p 0000c000 08:03 4603025                    /usr/lib/x86_64-linux-gnu/libbrotlidec.so.1.1.0
71955d49c000-71955d49e000 r--p 00000000 08:03 4587546                    /usr/lib/x86_64-linux-gnu/libbz2.so.1.0.4
71955d49e000-71955d4ac000 r-xp 00002000 08:03 4587546                    /usr/lib/x86_64-linux-gnu/libbz2.so.1.0.4
71955d4ac000-71955d4ae000 r--p 00010000 08:03 4587546                    /usr/lib/x86_64-linux-gnu/libbz2.so.1.0.4
71955d4ae000-71955d4af000 r--p 00011000 08:03 4587546                    /usr/lib/x86_64-linux-gnu/libbz2.so.1.0.4
71955d4af000-71955d4b0000 rw-p 00012000 08:03 4587546                    /usr/lib/x86_64-linux-gnu/libbz2.so.1.0.4
71955d4b0000-71955d4b8000 r--p 00000000 08:03 4603488                    /usr/lib/x86_64-linux-gnu/libpangoft2-1.0.so.0.5200.1
71955d4b8000-71955d4c5000 r-xp 00008000 08:03 4603488                    /usr/lib/x86_64-linux-gnu/libpangoft2-1.0.so.0.5200.1
71955d4c5000-71955d4c9000 r--p 00015000 08:03 4603488                    /usr/lib/x86_64-linux-gnu/libpangoft2-1.0.so.0.5200.1
71955d4c9000-71955d4ca000 r--p 00019000 08:03 4603488                    /usr/lib/x86_64-linux-gnu/libpangoft2-1.0.so.0.5200.1
71955d4ca000-71955d4cb000 rw-p 0001a000 08:03 4603488                    /usr/lib/x86_64-linux-gnu/libpangoft2-1.0.so.0.5200.1
71955d4cb000-71955d4d1000 r--p 00000000 08:03 4603582                    /usr/lib/x86_64-linux-gnu/libselinux.so.1
71955d4d1000-71955d4ee000 r-xp 00006000 08:03 4603582                    /usr/lib/x86_64-linux-gnu/libselinux.so.1
71955d4ee000-71955d4f4000 r--p 00023000 08:03 4603582                    /usr/lib/x86_64-linux-gnu/libselinux.so.1
71955d4f4000-71955d4f5000 r--p 00029000 08:03 4603582                    /usr/lib/x86_64-linux-gnu/libselinux.so.1
71955d4f5000-71955d4f6000 rw-p 0002a000 08:03 4603582                    /usr/lib/x86_64-linux-gnu/libselinux.so.1
71955d4f6000-71955d4f8000 rw-p 00000000 00:00 0 
71955d4f8000-71955d501000 r--p 00000000 08:03 4588632                    /usr/lib/x86_64-linux-gnu/libmount.so.1.1.0
71955d501000-71955d535000 r-xp 00009000 08:03 4588632                    /usr/lib/x86_64-linux-gnu/libmount.so.1.1.0
71955d535000-71955d542000 r--p 0003d000 08:03 4588632                    /usr/lib/x86_64-linux-gnu/libmount.so.1.1.0
71955d542000-71955d544000 r--p 00049000 08:03 4588632                    /usr/lib/x86_64-linux-gnu/libmount.so.1.1.0
71955d544000-71955d545000 rw-p 0004b000 08:03 4588632                    /usr/lib/x86_64-linux-gnu/libmount.so.1.1.0
71955d545000-71955d549000 r--p 00000000 08:03 4626302                    /usr/lib/x86_64-linux-gnu/libexpat.so.1.9.1
71955d549000-71955d566000 r-xp 00004000 08:03 4626302                    /usr/lib/x86_64-linux-gnu/libexpat.so.1.9.1
71955d566000-71955d56e000 r--p 00021000 08:03 4626302                    /usr/lib/x86_64-linux-gnu/libexpat.so.1.9.1
71955d56e000-71955d570000 r--p 00028000 08:03 4626302                    /usr/lib/x86_64-linux-gnu/libexpat.so.1.9.1
71955d570000-71955d571000 rw-p 0002a000 08:03 4626302                    /usr/lib/x86_64-linux-gnu/libexpat.so.1.9.1
71955d571000-71955d57c000 r--p 00000000 08:03 4603282                    /usr/lib/x86_64-linux-gnu/libharfbuzz.so.0.60830.0
71955d57c000-71955d64a000 r-xp 0000b000 08:03 4603282                    /usr/lib/x86_64-linux-gnu/libharfbuzz.so.0.60830.0
71955d64a000-71955d67c000 r--p 000d9000 08:03 4603282                    /usr/lib/x86_64-linux-gnu/libharfbuzz.so.0.60830.0
71955d67c000-71955d67d000 r--p 0010b000 08:03 4603282                    /usr/lib/x86_64-linux-gnu/libharfbuzz.so.0.60830.0
71955d67d000-71955d67e000 rw-p 0010c000 08:03 4603282                    /usr/lib/x86_64-linux-gnu/libharfbuzz.so.0.60830.0
71955d67e000-71955d680000 r--p 00000000 08:03 4603637                    /usr/lib/x86_64-linux-gnu/libthai.so.0.3.1
71955d680000-71955d684000 r-xp 00002000 08:03 4603637                    /usr/lib/x86_64-linux-gnu/libthai.so.0.3.1
71955d684000-71955d687000 r--p 00006000 08:03 4603637                    /usr/lib/x86_64-linux-gnu/libthai.so.0.3.1
71955d687000-71955d688000 r--p 00008000 08:03 4603637                    /usr/lib/x86_64-linux-gnu/libthai.so.0.3.1
71955d688000-71955d689000 rw-p 00009000 08:03 4603637                    /usr/lib/x86_64-linux-gnu/libthai.so.0.3.1
71955d689000-71955d693000 r--p 00000000 08:03 4603509                    /usr/lib/x86_64-linux-gnu/libpixman-1.so.0.42.2
71955d693000-71955d720000 r-xp 0000a000 08:03 4603509                    /usr/lib/x86_64-linux-gnu/libpixman-1.so.0.42.2
71955d720000-71955d72f000 r--p 00097000 08:03 4603509                    /usr/lib/x86_64-linux-gnu/libpixman-1.so.0.42.2
71955d72f000-71955d737000 r--p 000a5000 08:03 4603509                    /usr/lib/x86_64-linux-gnu/libpixman-1.so.0.42.2
71955d737000-71955d738000 rw-p 000ad000 08:03 4603509                    /usr/lib/x86_64-linux-gnu/libpixman-1.so.0.42.2
71955d738000-71955d73d000 r--p 00000000 08:03 4603739                    /usr/lib/x86_64-linux-gnu/libxcb-render.so.0.0.0
71955d73d000-71955d742000 r-xp 00005000 08:03 4603739                    /usr/lib/x86_64-linux-gnu/libxcb-render.so.0.0.0
71955d742000-71955d745000 r--p 0000a000 08:03 4603739                    /usr/lib/x86_64-linux-gnu/libxcb-render.so.0.0.0
71955d745000-71955d746000 r--p 0000c000 08:03 4603739                    /usr/lib/x86_64-linux-gnu/libxcb-render.so.0.0.0
71955d746000-71955d747000 rw-p 0000d000 08:03 4603739                    /usr/lib/x86_64-linux-gnu/libxcb-render.so.0.0.0
71955d747000-71955d752000 r--p 00000000 08:03 4603748                    /usr/lib/x86_64-linux-gnu/libxcb.so.1.1.0
71955d752000-71955d765000 r-xp 0000b000 08:03 4603748                    /usr/lib/x86_64-linux-gnu/libxcb.so.1.1.0
71955d765000-71955d76e000 r--p 0001e000 08:03 4603748                    /usr/lib/x86_64-linux-gnu/libxcb.so.1.1.0
71955d76e000-71955d76f000 r--p 00026000 08:03 4603748                    /usr/lib/x86_64-linux-gnu/libxcb.so.1.1.0
71955d76f000-71955d770000 rw-p 00027000 08:03 4603748                    /usr/lib/x86_64-linux-gnu/libxcb.so.1.1.0
71955d770000-71955d772000 r--p 00000000 08:03 4602891                    /usr/lib/x86_64-linux-gnu/libXrender.so.1.3.0
71955d772000-71955d779000 r-xp 00002000 08:03 4602891                    /usr/lib/x86_64-linux-gnu/libXrender.so.1.3.0
71955d779000-71955d77a000 r--p 00009000 08:03 4602891                    /usr/lib/x86_64-linux-gnu/libXrender.so.1.3.0
71955d77a000-71955d77b000 r--p 00009000 08:03 4602891                    /usr/lib/x86_64-linux-gnu/libXrender.so.1.3.0
71955d77b000-71955d77c000 rw-p 0000a000 08:03 4602891                    /usr/lib/x86_64-linux-gnu/libXrender.so.1.3.0
71955d77c000-71955d789000 r--p 00000000 08:03 4594525                    /usr/lib/x86_64-linux-gnu/libfreetype.so.6.20.1
71955d789000-71955d81a000 r-xp 0000d000 08:03 4594525                    /usr/lib/x86_64-linux-gnu/libfreetype.so.6.20.1
71955d81a000-71955d840000 r--p 0009e000 08:03 4594525                    /usr/lib/x86_64-linux-gnu/libfreetype.so.6.20.1
71955d840000-71955d847000 r--p 000c4000 08:03 4594525                    /usr/lib/x86_64-linux-gnu/libfreetype.so.6.20.1
71955d847000-71955d848000 rw-p 000cb000 08:03 4594525                    /usr/lib/x86_64-linux-gnu/libfreetype.so.6.20.1
71955d848000-71955d84a000 r--p 00000000 08:03 4594386                    /usr/lib/x86_64-linux-gnu/libz.so.1.3
71955d84a000-71955d85c000 r-xp 00002000 08:03 4594386                    /usr/lib/x86_64-linux-gnu/libz.so.1.3
71955d85c000-71955d862000 r--p 00014000 08:03 4594386                    /usr/lib/x86_64-linux-gnu/libz.so.1.3
71955d862000-71955d863000 r--p 0001a000 08:03 4594386                    /usr/lib/x86_64-linux-gnu/libz.so.1.3
71955d863000-71955d864000 rw-p 0001b000 08:03 4594386                    /usr/lib/x86_64-linux-gnu/libz.so.1.3
71955d864000-71955d866000 r--p 00000000 08:03 4603500                    /usr/lib/x86_64-linux-gnu/libpcre2-8.so.0.11.2
71955d866000-71955d8d4000 r-xp 00002000 08:03 4603500                    /usr/lib/x86_64-linux-gnu/libpcre2-8.so.0.11.2
71955d8d4000-71955d8fc000 r--p 00070000 08:03 4603500                    /usr/lib/x86_64-linux-gnu/libpcre2-8.so.0.11.2
71955d8fc000-71955d8fd000 r--p 00097000 08:03 4603500                    /usr/lib/x86_64-linux-gnu/libpcre2-8.so.0.11.2
71955d8fd000-71955d8fe000 rw-p 00098000 08:03 4603500                    /usr/lib/x86_64-linux-gnu/libpcre2-8.so.0.11.2
71955d8fe000-71955d900000 r--p 00000000 08:03 4603151                    /usr/lib/x86_64-linux-gnu/libffi.so.8.1.4
71955d900000-71955d907000 r-xp 00002000 08:03 4603151                    /usr/lib/x86_64-linux-gnu/libffi.so.8.1.4
71955d907000-71955d908000 r--p 00009000 08:03 4603151                    /usr/lib/x86_64-linux-gnu/libffi.so.8.1.4
71955d908000-71955d909000 r--p 0000a000 08:03 4603151                    /usr/lib/x86_64-linux-gnu/libffi.so.8.1.4
71955d909000-71955d90a000 rw-p 0000b000 08:03 4603151                    /usr/lib/x86_64-linux-gnu/libffi.so.8.1.4
71955d90a000-71955d90e000 r--p 00000000 08:03 4603334                    /usr/lib/x86_64-linux-gnu/libjpeg.so.8.2.2
71955d90e000-71955d95b000 r-xp 00004000 08:03 4603334                    /usr/lib/x86_64-linux-gnu/libjpeg.so.8.2.2
71955d95b000-71955d98b000 r--p 00051000 08:03 4603334                    /usr/lib/x86_64-linux-gnu/libjpeg.so.8.2.2
71955d98b000-71955d98c000 r--p 00081000 08:03 4603334                    /usr/lib/x86_64-linux-gnu/libjpeg.so.8.2.2
71955d98c000-71955d98d000 rw-p 00082000 08:03 4603334                    /usr/lib/x86_64-linux-gnu/libjpeg.so.8.2.2
71955d98d000-71955d992000 r--p 00000000 08:03 4588043                    /usr/lib/x86_64-linux-gnu/libpng16.so.16.43.0
71955d992000-71955d9ba000 r-xp 00005000 08:03 4588043                    /usr/lib/x86_64-linux-gnu/libpng16.so.16.43.0
71955d9ba000-71955d9c3000 r--p 0002d000 08:03 4588043                    /usr/lib/x86_64-linux-gnu/libpng16.so.16.43.0
71955d9c3000-71955d9c4000 r--p 00035000 08:03 4588043                    /usr/lib/x86_64-linux-gnu/libpng16.so.16.43.0
71955d9c4000-71955d9c5000 rw-p 00036000 08:03 4588043                    /usr/lib/x86_64-linux-gnu/libpng16.so.16.43.0
71955d9c5000-71955d9c7000 r--p 00000000 08:03 4603209                    /usr/lib/x86_64-linux-gnu/libgmodule-2.0.so.0.8000.0
71955d9c7000-71955d9c9000 r-xp 00002000 08:03 4603209                    /usr/lib/x86_64-linux-gnu/libgmodule-2.0.so.0.8000.0
71955d9c9000-71955d9ca000 r--p 00004000 08:03 4603209                    /usr/lib/x86_64-linux-gnu/libgmodule-2.0.so.0.8000.0
71955d9ca000-71955d9cb000 r--p 00004000 08:03 4603209                    /usr/lib/x86_64-linux-gnu/libgmodule-2.0.so.0.8000.0
71955d9cb000-71955d9cc000 rw-p 00005000 08:03 4603209                    /usr/lib/x86_64-linux-gnu/libgmodule-2.0.so.0.8000.0
71955d9cc000-71955d9ce000 r--p 00000000 08:03 4602890                    /usr/lib/x86_64-linux-gnu/libXrandr.so.2.2.0
71955d9ce000-71955d9d5000 r-xp 00002000 08:03 4602890                    /usr/lib/x86_64-linux-gnu/libXrandr.so.2.2.0
71955d9d5000-71955d9d7000 r--p 00009000 08:03 4602890                    /usr/lib/x86_64-linux-gnu/libXrandr.so.2.2.0
71955d9d7000-71955d9d8000 r--p 0000a000 08:03 4602890                    /usr/lib/x86_64-linux-gnu/libXrandr.so.2.2.0
71955d9d8000-71955d9d9000 rw-p 0000b000 08:03 4602890                    /usr/lib/x86_64-linux-gnu/libXrandr.so.2.2.0
71955d9d9000-71955d9db000 r--p 00000000 08:03 4602878                    /usr/lib/x86_64-linux-gnu/libXcursor.so.1.0.2
71955d9db000-71955d9e1000 r-xp 00002000 08:03 4602878                    /usr/lib/x86_64-linux-gnu/libXcursor.so.1.0.2
71955d9e1000-71955d9e3000 r--p 00008000 08:03 4602878                    /usr/lib/x86_64-linux-gnu/libXcursor.so.1.0.2
71955d9e3000-71955d9e4000 r--p 00009000 08:03 4602878                    /usr/lib/x86_64-linux-gnu/libXcursor.so.1.0.2
71955d9e4000-71955d9e5000 rw-p 0000a000 08:03 4602878                    /usr/lib/x86_64-linux-gnu/libXcursor.so.1.0.2
71955d9e5000-71955d9e9000 r--p 00000000 08:03 4602881                    /usr/lib/x86_64-linux-gnu/libXext.so.6.4.0
71955d9e9000-71955d9f4000 r-xp 00004000 08:03 4602881                    /usr/lib/x86_64-linux-gnu/libXext.so.6.4.0
71955d9f4000-71955d9f7000 r--p 0000f000 08:03 4602881                    /usr/lib/x86_64-linux-gnu/libXext.so.6.4.0
71955d9f7000-71955d9f8000 r--p 00011000 08:03 4602881                    /usr/lib/x86_64-linux-gnu/libXext.so.6.4.0
71955d9f8000-71955d9f9000 rw-p 00012000 08:03 4602881                    /usr/lib/x86_64-linux-gnu/libXext.so.6.4.0
71955d9f9000-71955d9fc000 r--p 00000000 08:03 4602885                    /usr/lib/x86_64-linux-gnu/libXi.so.6.1.0
71955d9fc000-71955da08000 r-xp 00003000 08:03 4602885                    /usr/lib/x86_64-linux-gnu/libXi.so.6.1.0
71955da08000-71955da0a000 r--p 0000f000 08:03 4602885                    /usr/lib/x86_64-linux-gnu/libXi.so.6.1.0
71955da0a000-71955da0b000 r--p 00011000 08:03 4602885                    /usr/lib/x86_64-linux-gnu/libXi.so.6.1.0
71955da0b000-71955da0c000 rw-p 00012000 08:03 4602885                    /usr/lib/x86_64-linux-gnu/libXi.so.6.1.0
71955da0c000-71955da25000 r--p 00000000 08:03 4602873                    /usr/lib/x86_64-linux-gnu/libX11.so.6.4.0
71955da25000-71955dab5000 r-xp 00019000 08:03 4602873                    /usr/lib/x86_64-linux-gnu/libX11.so.6.4.0
71955dab5000-71955db44000 r--p 000a9000 08:03 4602873                    /usr/lib/x86_64-linux-gnu/libX11.so.6.4.0
71955db44000-71955db45000 r--p 00138000 08:03 4602873                    /usr/lib/x86_64-linux-gnu/libX11.so.6.4.0
71955db45000-71955db49000 rw-p 00139000 08:03 4602873                    /usr/lib/x86_64-linux-gnu/libX11.so.6.4.0
71955db49000-71955db4b000 r--p 00000000 08:03 4603704                    /usr/lib/x86_64-linux-gnu/libwayland-cursor.so.0.22.0
71955db4b000-71955db4d000 r-xp 00002000 08:03 4603704                    /usr/lib/x86_64-linux-gnu/libwayland-cursor.so.0.22.0
71955db4d000-71955db4e000 r--p 00004000 08:03 4603704                    /usr/lib/x86_64-linux-gnu/libwayland-cursor.so.0.22.0
71955db4e000-71955db4f000 r--p 00004000 08:03 4603704                    /usr/lib/x86_64-linux-gnu/libwayland-cursor.so.0.22.0
71955db4f000-71955db53000 rw-p 00005000 08:03 4603704                    /usr/lib/x86_64-linux-gnu/libwayland-cursor.so.0.22.0
71955db53000-71955db58000 r--p 00000000 08:03 4603703                    /usr/lib/x86_64-linux-gnu/libwayland-client.so.0.22.0
71955db58000-71955db5e000 r-xp 00005000 08:03 4603703                    /usr/lib/x86_64-linux-gnu/libwayland-client.so.0.22.0
71955db5e000-71955db60000 r--p 0000b000 08:03 4603703                    /usr/lib/x86_64-linux-gnu/libwayland-client.so.0.22.0
71955db60000-71955db62000 r--p 0000d000 08:03 4603703                    /usr/lib/x86_64-linux-gnu/libwayland-client.so.0.22.0
71955db62000-71955db63000 rw-p 0000f000 08:03 4603703                    /usr/lib/x86_64-linux-gnu/libwayland-client.so.0.22.0
71955db63000-71955db68000 r--p 00000000 08:03 4603751                    /usr/lib/x86_64-linux-gnu/libxkbcommon.so.0.0.0
71955db68000-71955db88000 r-xp 00005000 08:03 4603751                    /usr/lib/x86_64-linux-gnu/libxkbcommon.so.0.0.0
71955db88000-71955dba9000 r--p 00025000 08:03 4603751                    /usr/lib/x86_64-linux-gnu/libxkbcommon.so.0.0.0
71955dba9000-71955dbab000 r--p 00045000 08:03 4603751                    /usr/lib/x86_64-linux-gnu/libxkbcommon.so.0.0.0
71955dbab000-71955dbac000 rw-p 00047000 08:03 4603751                    /usr/lib/x86_64-linux-gnu/libxkbcommon.so.0.0.0
71955dbac000-71955dbb1000 r--p 00000000 08:03 4603487                    /usr/lib/x86_64-linux-gnu/libpangocairo-1.0.so.0.5200.1
71955dbb1000-71955dbb9000 r-xp 00005000 08:03 4603487                    /usr/lib/x86_64-linux-gnu/libpangocairo-1.0.so.0.5200.1
71955dbb9000-71955dbbb000 r--p 0000d000 08:03 4603487                    /usr/lib/x86_64-linux-gnu/libpangocairo-1.0.so.0.5200.1
71955dbbb000-71955dbbc000 r--p 0000f000 08:03 4603487                    /usr/lib/x86_64-linux-gnu/libpangocairo-1.0.so.0.5200.1
71955dbbc000-71955dbbd000 rw-p 00010000 08:03 4603487                    /usr/lib/x86_64-linux-gnu/libpangocairo-1.0.so.0.5200.1
71955dbbd000-71955dbf6000 r--p 00000000 08:03 4603202                    /usr/lib/x86_64-linux-gnu/libgio-2.0.so.0.8000.0
71955dbf6000-71955dd0d000 r-xp 00039000 08:03 4603202                    /usr/lib/x86_64-linux-gnu/libgio-2.0.so.0.8000.0
71955dd0d000-71955dd82000 r--p 00150000 08:03 4603202                    /usr/lib/x86_64-linux-gnu/libgio-2.0.so.0.8000.0
71955dd82000-71955dd8a000 r--p 001c4000 08:03 4603202                    /usr/lib/x86_64-linux-gnu/libgio-2.0.so.0.8000.0
71955dd8a000-71955dd8b000 rw-p 001cc000 08:03 4603202                    /usr/lib/x86_64-linux-gnu/libgio-2.0.so.0.8000.0
71955dd8b000-71955dd8d000 rw-p 00000000 00:00 0 
71955dd8d000-71955dd95000 r--p 00000000 08:03 4603157                    /usr/lib/x86_64-linux-gnu/libfontconfig.so.1.12.1
71955dd95000-71955ddc4000 r-xp 00008000 08:03 4603157                    /usr/lib/x86_64-linux-gnu/libfontconfig.so.1.12.1
71955ddc4000-71955dddb000 r--p 00037000 08:03 4603157                    /usr/lib/x86_64-linux-gnu/libfontconfig.so.1.12.1
71955dddb000-71955dddd000 r--p 0004d000 08:03 4603157                    /usr/lib/x86_64-linux-gnu/libfontconfig.so.1.12.1
71955dddd000-71955ddde000 rw-p 0004f000 08:03 4603157                    /usr/lib/x86_64-linux-gnu/libfontconfig.so.1.12.1
71955ddde000-71955de3e000 r--p 00000000 08:03 4603132                    /usr/lib/x86_64-linux-gnu/libepoxy.so.0.0.0
71955de3e000-71955dea4000 r-xp 00060000 08:03 4603132                    /usr/lib/x86_64-linux-gnu/libepoxy.so.0.0.0
71955dea4000-71955def2000 r--p 000c6000 08:03 4603132                    /usr/lib/x86_64-linux-gnu/libepoxy.so.0.0.0
71955def2000-71955defa000 r--p 00113000 08:03 4603132                    /usr/lib/x86_64-linux-gnu/libepoxy.so.0.0.0
71955defa000-71955df01000 rw-p 0011b000 08:03 4603132                    /usr/lib/x86_64-linux-gnu/libepoxy.so.0.0.0
71955df01000-71955df05000 r--p 00000000 08:03 4603035                    /usr/lib/x86_64-linux-gnu/libcairo-gobject.so.2.11800.0
71955df05000-71955df07000 r-xp 00004000 08:03 4603035                    /usr/lib/x86_64-linux-gnu/libcairo-gobject.so.2.11800.0
71955df07000-71955df0a000 r--p 00006000 08:03 4603035                    /usr/lib/x86_64-linux-gnu/libcairo-gobject.so.2.11800.0
71955df0a000-71955df0c000 r--p 00008000 08:03 4603035                    /usr/lib/x86_64-linux-gnu/libcairo-gobject.so.2.11800.0
71955df0c000-71955df0d000 rw-p 0000a000 08:03 4603035                    /usr/lib/x86_64-linux-gnu/libcairo-gobject.so.2.11800.0
71955df0d000-71955df20000 r--p 00000000 08:03 4603486                    /usr/lib/x86_64-linux-gnu/libpango-1.0.so.0.5200.1
71955df20000-71955df59000 r-xp 00013000 08:03 4603486                    /usr/lib/x86_64-linux-gnu/libpango-1.0.so.0.5200.1
71955df59000-71955df73000 r--p 0004c000 08:03 4603486                    /usr/lib/x86_64-linux-gnu/libpango-1.0.so.0.5200.1
71955df73000-71955df77000 r--p 00065000 08:03 4603486                    /usr/lib/x86_64-linux-gnu/libpango-1.0.so.0.5200.1
71955df77000-71955df78000 rw-p 00069000 08:03 4603486                    /usr/lib/x86_64-linux-gnu/libpango-1.0.so.0.5200.1
71955df78000-71955df8c000 r--p 00000000 08:03 4603037                    /usr/lib/x86_64-linux-gnu/libcairo.so.2.11800.0
71955df8c000-71955e07d000 r-xp 00014000 08:03 4603037                    /usr/lib/x86_64-linux-gnu/libcairo.so.2.11800.0
71955e07d000-71955e0b5000 r--p 00105000 08:03 4603037                    /usr/lib/x86_64-linux-gnu/libcairo.so.2.11800.0
71955e0b5000-71955e0b9000 r--p 0013d000 08:03 4603037                    /usr/lib/x86_64-linux-gnu/libcairo.so.2.11800.0
71955e0b9000-71955e0bb000 rw-p 00141000 08:03 4603037                    /usr/lib/x86_64-linux-gnu/libcairo.so.2.11800.0
71955e0bb000-71955e0bc000 rw-p 00000000 00:00 0 
71955e0bc000-71955e0da000 r--p 00000000 08:03 4603206                    /usr/lib/x86_64-linux-gnu/libglib-2.0.so.0.8000.0
71955e0da000-71955e17a000 r-xp 0001e000 08:03 4603206                    /usr/lib/x86_64-linux-gnu/libglib-2.0.so.0.8000.0
71955e17a000-71955e202000 r--p 000be000 08:03 4603206                    /usr/lib/x86_64-linux-gnu/libglib-2.0.so.0.8000.0
71955e202000-71955e203000 r--p 00146000 08:03 4603206                    /usr/lib/x86_64-linux-gnu/libglib-2.0.so.0.8000.0
71955e203000-71955e204000 rw-p 00147000 08:03 4603206                    /usr/lib/x86_64-linux-gnu/libglib-2.0.so.0.8000.0
71955e204000-71955e205000 rw-p 00000000 00:00 0 
71955e205000-71955e22f000 r--p 00000000 08:03 4603193                    /usr/lib/x86_64-linux-gnu/libgdk-3.so.0.2409.32
71955e22f000-71955e2b3000 r-xp 0002a000 08:03 4603193                    /usr/lib/x86_64-linux-gnu/libgdk-3.so.0.2409.32
71955e2b3000-71955e2f5000 r--p 000ae000 08:03 4603193                    /usr/lib/x86_64-linux-gnu/libgdk-3.so.0.2409.32
71955e2f5000-71955e2fe000 r--p 000ef000 08:03 4603193                    /usr/lib/x86_64-linux-gnu/libgdk-3.so.0.2409.32
71955e2fe000-71955e300000 rw-p 000f8000 08:03 4603193                    /usr/lib/x86_64-linux-gnu/libgdk-3.so.0.2409.32
71955e300000-71955e304000 ---p 00000000 00:00 0 
71955e304000-71955e400000 rw-p 00000000 00:00 0 
71955e400000-71955e404000 ---p 00000000 00:00 0 
71955e404000-71955e500000 rw-p 00000000 00:00 0 
71955e500000-71955e504000 ---p 00000000 00:00 0 
71955e504000-71955e600000 rw-p 00000000 00:00 0 
71955e600000-71955e604000 ---p 00000000 00:00 0 
71955e604000-71955e700000 rw-p 00000000 00:00 0 
71955e700000-71955e704000 ---p 00000000 00:00 0 
71955e704000-71955e800000 rw-p 00000000 00:00 0 
71955e800000-71955e804000 ---p 00000000 00:00 0 
71955e804000-71955e900000 rw-p 00000000 00:00 0 
71955e900000-71955e904000 ---p 00000000 00:00 0 
71955e904000-71955ea00000 rw-p 00000000 00:00 0 
71955ea00000-71955ea04000 ---p 00000000 00:00 0 
71955ea04000-71955eb00000 rw-p 00000000 00:00 0 
71955eb00000-71955eb04000 ---p 00000000 00:00 0 
71955eb04000-71955ec00000 rw-p 00000000 00:00 0 
71955ec00000-71955ec04000 ---p 00000000 00:00 0 
71955ec04000-71955ed00000 rw-p 00000000 00:00 0 
71955ed00000-71955ed04000 ---p 00000000 00:00 0 
71955ed04000-71955ee00000 rw-p 00000000 00:00 0 
71955ee00000-71955f13e000 r--p 00000000 08:03 4587604                    /usr/lib/locale/locale-archive
71955f13f000-71955f140000 r--p 00000000 08:03 4603742                    /usr/lib/x86_64-linux-gnu/libxcb-shm.so.0.0.0
71955f140000-71955f141000 r-xp 00001000 08:03 4603742                    /usr/lib/x86_64-linux-gnu/libxcb-shm.so.0.0.0
71955f141000-71955f142000 r--p 00002000 08:03 4603742                    /usr/lib/x86_64-linux-gnu/libxcb-shm.so.0.0.0
71955f142000-71955f143000 r--p 00002000 08:03 4603742                    /usr/lib/x86_64-linux-gnu/libxcb-shm.so.0.0.0
71955f143000-71955f144000 rw-p 00003000 08:03 4603742                    /usr/lib/x86_64-linux-gnu/libxcb-shm.so.0.0.0
71955f144000-71955f146000 r--p 00000000 08:03 4603173                    /usr/lib/x86_64-linux-gnu/libfribidi.so.0.4.0
71955f146000-71955f14a000 r-xp 00002000 08:03 4603173                    /usr/lib/x86_64-linux-gnu/libfribidi.so.0.4.0
71955f14a000-71955f160000 r--p 00006000 08:03 4603173                    /usr/lib/x86_64-linux-gnu/libfribidi.so.0.4.0
71955f160000-71955f161000 r--p 0001c000 08:03 4603173                    /usr/lib/x86_64-linux-gnu/libfribidi.so.0.4.0
71955f161000-71955f162000 rw-p 0001d000 08:03 4603173                    /usr/lib/x86_64-linux-gnu/libfribidi.so.0.4.0
71955f162000-71955f171000 r--p 00000000 08:03 4603224                    /usr/lib/x86_64-linux-gnu/libgobject-2.0.so.0.8000.0
71955f171000-71955f1a8000 r-xp 0000f000 08:03 4603224                    /usr/lib/x86_64-linux-gnu/libgobject-2.0.so.0.8000.0
71955f1a8000-71955f1c1000 r--p 00046000 08:03 4603224                    /usr/lib/x86_64-linux-gnu/libgobject-2.0.so.0.8000.0
71955f1c1000-71955f1c4000 r--p 0005e000 08:03 4603224                    /usr/lib/x86_64-linux-gnu/libgobject-2.0.so.0.8000.0
71955f1c4000-71955f1c5000 rw-p 00061000 08:03 4603224                    /usr/lib/x86_64-linux-gnu/libgobject-2.0.so.0.8000.0
71955f1c5000-71955f1cd000 r--p 00000000 08:03 4601231                    /usr/lib/x86_64-linux-gnu/libgdk_pixbuf-2.0.so.0.4200.10
71955f1cd000-71955f1e8000 r-xp 00008000 08:03 4601231                    /usr/lib/x86_64-linux-gnu/libgdk_pixbuf-2.0.so.0.4200.10
71955f1e8000-71955f1f1000 r--p 00023000 08:03 4601231                    /usr/lib/x86_64-linux-gnu/libgdk_pixbuf-2.0.so.0.4200.10
71955f1f1000-71955f1f2000 r--p 0002c000 08:03 4601231                    /usr/lib/x86_64-linux-gnu/libgdk_pixbuf-2.0.so.0.4200.10
71955f1f2000-71955f1f3000 rw-p 0002d000 08:03 4601231                    /usr/lib/x86_64-linux-gnu/libgdk_pixbuf-2.0.so.0.4200.10
71955f1f3000-71955f1f7000 ---p 00000000 00:00 0 
71955f1f7000-71955f2f3000 rw-p 00000000 00:00 0 
71955f2f3000-71955f2f4000 ---p 00000000 00:00 0 
71955f2f4000-71955f3f4000 rw-p 00000000 00:00 0 
71955f3f4000-71955f3f5000 ---p 00000000 00:00 0 
71955f3f5000-71955f4f5000 rw-p 00000000 00:00 0 
71955f4f5000-71955f4f6000 ---p 00000000 00:00 0 
71955f4f6000-71955f5f6000 rw-p 00000000 00:00 0 
71955f5f6000-71955f5f7000 ---p 00000000 00:00 0 
71955f5f7000-71955f6f7000 rw-p 00000000 00:00 0 
71955f6f7000-719560021000 rw-p 00000000 00:00 0 
719560021000-719564000000 ---p 00000000 00:00 0 
719564000000-719564021000 rw-p 00000000 00:00 0 
719564021000-719568000000 ---p 00000000 00:00 0 
719568000000-719568021000 rw-p 00000000 00:00 0 
719568021000-71956c000000 ---p 00000000 00:00 0 
71956c003000-71956c004000 r--p 00000000 08:03 4602886                    /usr/lib/x86_64-linux-gnu/libXinerama.so.1.0.0
71956c004000-71956c005000 r-xp 00001000 08:03 4602886                    /usr/lib/x86_64-linux-gnu/libXinerama.so.1.0.0
71956c005000-71956c006000 r--p 00002000 08:03 4602886                    /usr/lib/x86_64-linux-gnu/libXinerama.so.1.0.0
71956c006000-71956c007000 r--p 00002000 08:03 4602886                    /usr/lib/x86_64-linux-gnu/libXinerama.so.1.0.0
71956c007000-71956c008000 rw-p 00003000 08:03 4602886                    /usr/lib/x86_64-linux-gnu/libXinerama.so.1.0.0
71956c00a000-71956c017000 r--s 00000000 08:03 145623                     /var/cache/fontconfig/d589a48862398ed80a3d6066f4f56f4c-le64.cache-9
71956c017000-71956c026000 r--s 00000000 08:03 140370                     /var/cache/fontconfig/8f02d4cb045bd6ce15663e43f347c9f8-le64.cache-9
71956c026000-71956c02a000 r--p 00000000 08:03 4604814                    /usr/lib/x86_64-linux-gnu/gio/modules/libdconfsettings.so
71956c02a000-71956c031000 r-xp 00004000 08:03 4604814                    /usr/lib/x86_64-linux-gnu/gio/modules/libdconfsettings.so
71956c031000-71956c033000 r--p 0000b000 08:03 4604814                    /usr/lib/x86_64-linux-gnu/gio/modules/libdconfsettings.so
71956c033000-71956c034000 r--p 0000d000 08:03 4604814                    /usr/lib/x86_64-linux-gnu/gio/modules/libdconfsettings.so
71956c034000-71956c035000 rw-p 0000e000 08:03 4604814                    /usr/lib/x86_64-linux-gnu/gio/modules/libdconfsettings.so
71956c035000-71956c039000 r--p 00000000 07:0c 2154                       /snap/dbeaver-ce/549/usr/share/dbeaver-ce/plugins/org.eclipse.equinox.launcher.gtk.linux.x86_64_1.2.1500.v20250801-0854/eclipse_11916.so
71956c039000-71956c043000 r-xp 00004000 07:0c 2154                       /snap/dbeaver-ce/549/usr/share/dbeaver-ce/plugins/org.eclipse.equinox.launcher.gtk.linux.x86_64_1.2.1500.v20250801-0854/eclipse_11916.so
71956c043000-71956c046000 r--p 0000e000 07:0c 2154                       /snap/dbeaver-ce/549/usr/share/dbeaver-ce/plugins/org.eclipse.equinox.launcher.gtk.linux.x86_64_1.2.1500.v20250801-0854/eclipse_11916.so
71956c046000-71956c047000 r--p 00010000 07:0c 2154                       /snap/dbeaver-ce/549/usr/share/dbeaver-ce/plugins/org.eclipse.equinox.launcher.gtk.linux.x86_64_1.2.1500.v20250801-0854/eclipse_11916.so
71956c047000-71956c048000 rw-p 00011000 07:0c 2154                       /snap/dbeaver-ce/549/usr/share/dbeaver-ce/plugins/org.eclipse.equinox.launcher.gtk.linux.x86_64_1.2.1500.v20250801-0854/eclipse_11916.so
71956c048000-71956c049000 rw-p 00000000 00:00 0 
71956c049000-71956c04b000 r--p 00000000 07:0c 1856                       /snap/dbeaver-ce/549/usr/share/dbeaver-ce/jre/lib/libzip.so
71956c04b000-71956c05e000 r-xp 00002000 07:0c 1856                       /snap/dbeaver-ce/549/usr/share/dbeaver-ce/jre/lib/libzip.so
71956c05e000-71956c065000 r--p 00015000 07:0c 1856                       /snap/dbeaver-ce/549/usr/share/dbeaver-ce/jre/lib/libzip.so
71956c065000-71956c066000 r--p 0001c000 07:0c 1856                       /snap/dbeaver-ce/549/usr/share/dbeaver-ce/jre/lib/libzip.so
71956c066000-71956c067000 rw-p 0001d000 07:0c 1856                       /snap/dbeaver-ce/549/usr/share/dbeaver-ce/jre/lib/libzip.so
71956c067000-71956c06a000 r--p 00000000 07:0c 1848                       /snap/dbeaver-ce/549/usr/share/dbeaver-ce/jre/lib/libnet.so
71956c06a000-71956c072000 r-xp 00003000 07:0c 1848                       /snap/dbeaver-ce/549/usr/share/dbeaver-ce/jre/lib/libnet.so
71956c072000-71956c074000 r--p 0000b000 07:0c 1848                       /snap/dbeaver-ce/549/usr/share/dbeaver-ce/jre/lib/libnet.so
71956c074000-71956c075000 r--p 0000c000 07:0c 1848                       /snap/dbeaver-ce/549/usr/share/dbeaver-ce/jre/lib/libnet.so
71956c075000-71956c076000 rw-p 0000d000 07:0c 1848                       /snap/dbeaver-ce/549/usr/share/dbeaver-ce/jre/lib/libnet.so
71956c076000-71956ea00000 rw-p 00000000 00:00 0 
71956ea00000-71956ea03000 r--s 00000000 08:03 140113                     /var/cache/fontconfig/16326683038b281783a0ef8c680e3a10-le64.cache-9
71956ea03000-71956ea04000 r--p 00000000 08:03 4602877                    /usr/lib/x86_64-linux-gnu/libXcomposite.so.1.0.0
71956ea04000-71956ea05000 r-xp 00001000 08:03 4602877                    /usr/lib/x86_64-linux-gnu/libXcomposite.so.1.0.0
71956ea05000-71956ea06000 r--p 00002000 08:03 4602877                    /usr/lib/x86_64-linux-gnu/libXcomposite.so.1.0.0
71956ea06000-71956ea07000 r--p 00002000 08:03 4602877                    /usr/lib/x86_64-linux-gnu/libXcomposite.so.1.0.0
71956ea07000-71956ea08000 rw-p 00003000 08:03 4602877                    /usr/lib/x86_64-linux-gnu/libXcomposite.so.1.0.0
71956ea08000-71956ea10000 r--p 00000000 07:0c 1849                       /snap/dbeaver-ce/549/usr/share/dbeaver-ce/jre/lib/libnio.so
71956ea10000-71956ea19000 r-xp 00008000 07:0c 1849                       /snap/dbeaver-ce/549/usr/share/dbeaver-ce/jre/lib/libnio.so
71956ea19000-71956ea1d000 r--p 00011000 07:0c 1849                       /snap/dbeaver-ce/549/usr/share/dbeaver-ce/jre/lib/libnio.so
71956ea1d000-71956ea1e000 r--p 00015000 07:0c 1849                       /snap/dbeaver-ce/549/usr/share/dbeaver-ce/jre/lib/libnio.so
71956ea1e000-71956ea1f000 rw-p 00016000 07:0c 1849                       /snap/dbeaver-ce/549/usr/share/dbeaver-ce/jre/lib/libnio.so
71956ea1f000-71956ea20000 r--p 00000000 07:0c 1852                       /snap/dbeaver-ce/549/usr/share/dbeaver-ce/jre/lib/libsimdsort.so
71956ea20000-71956ea59000 r-xp 00001000 07:0c 1852                       /snap/dbeaver-ce/549/usr/share/dbeaver-ce/jre/lib/libsimdsort.so
71956ea59000-71956ea5f000 r--p 0003a000 07:0c 1852                       /snap/dbeaver-ce/549/usr/share/dbeaver-ce/jre/lib/libsimdsort.so
71956ea5f000-71956ea60000 r--p 0003f000 07:0c 1852                       /snap/dbeaver-ce/549/usr/share/dbeaver-ce/jre/lib/libsimdsort.so
71956ea60000-71956ea61000 rw-p 00040000 07:0c 1852                       /snap/dbeaver-ce/549/usr/share/dbeaver-ce/jre/lib/libsimdsort.so
71956ea61000-71956eafd000 rw-p 00000000 00:00 0 
71956eafd000-71956eafe000 ---p 00000000 00:00 0 
71956eafe000-71956ebfe000 rw-p 00000000 00:00 0 
71956ebfe000-71956ebff000 ---p 00000000 00:00 0 
71956ebff000-71956ecff000 rw-p 00000000 00:00 0 
71956ecff000-71956ed00000 ---p 00000000 00:00 0 
71956ed00000-71956ee00000 rw-p 00000000 00:00 0 
71956ee00000-71956effc000 rw-p 00000000 00:00 0 
71956effc000-71956f0cc000 ---p 00000000 00:00 0 
71956f0cc000-71956f0d4000 rw-p 00000000 00:00 0 
71956f0d4000-71956fdf4000 ---p 00000000 00:00 0 
71956fdf4000-71956fdf8000 rw-p 00000000 00:00 0 
71956fdf8000-71956fe00000 ---p 00000000 00:00 0 
71956fe00000-71956fe40000 rw-p 00000000 00:00 0 
71956fe40000-71956fe59000 ---p 00000000 00:00 0 
71956fe59000-71956fe5b000 rw-p 00000000 00:00 0 
71956fe5b000-71956fffe000 ---p 00000000 00:00 0 
71956fffe000-71956ffff000 rw-p 00000000 00:00 0 
71956ffff000-719570000000 ---p 00000000 00:00 0 
719570000000-719570040000 rw-p 00000000 00:00 0 
719570040000-719570059000 ---p 00000000 00:00 0 
719570059000-71957005b000 rw-p 00000000 00:00 0 
71957005b000-7195701fe000 ---p 00000000 00:00 0 
7195701fe000-7195701ff000 rw-p 00000000 00:00 0 
7195701ff000-719570200000 ---p 00000000 00:00 0 
719570200000-719570201000 r--s 00000000 08:03 140947                     /var/cache/fontconfig/da43223dd54fb3bb4243ae19d4b583b2-le64.cache-9
719570201000-719570203000 r--p 00000000 08:03 4602882                    /usr/lib/x86_64-linux-gnu/libXfixes.so.3.1.0
719570203000-719570206000 r-xp 00002000 08:03 4602882                    /usr/lib/x86_64-linux-gnu/libXfixes.so.3.1.0
719570206000-719570207000 r--p 00005000 08:03 4602882                    /usr/lib/x86_64-linux-gnu/libXfixes.so.3.1.0
719570207000-719570208000 r--p 00005000 08:03 4602882                    /usr/lib/x86_64-linux-gnu/libXfixes.so.3.1.0
719570208000-719570209000 rw-p 00006000 08:03 4602882                    /usr/lib/x86_64-linux-gnu/libXfixes.so.3.1.0
719570209000-719570e98000 rw-p 00000000 00:00 0 
719570e98000-719571978000 rwxp 00000000 00:00 0 
719571978000-7195782f8000 ---p 00000000 00:00 0 
7195782f8000-7195786b8000 rwxp 00000000 00:00 0 
7195786b8000-719578a39000 ---p 00000000 00:00 0 
719578a39000-719578d49000 rwxp 00000000 00:00 0 
719578d49000-71957fe99000 ---p 00000000 00:00 0 
71957fe99000-719584000000 r--s 00000000 07:0c 1857                       /snap/dbeaver-ce/549/usr/share/dbeaver-ce/jre/lib/modules
719584000000-719585ab9000 rw-p 00000000 00:00 0 
719585ab9000-719588000000 ---p 00000000 00:00 0 
719588000000-719588004000 r--p 00000000 08:03 4474833                    /home/mcypher/.config/dconf/user (deleted)
719588004000-719588005000 r--p 00000000 08:03 4602879                    /usr/lib/x86_64-linux-gnu/libXdamage.so.1.1.0
719588005000-719588006000 r-xp 00001000 08:03 4602879                    /usr/lib/x86_64-linux-gnu/libXdamage.so.1.1.0
719588006000-719588007000 r--p 00002000 08:03 4602879                    /usr/lib/x86_64-linux-gnu/libXdamage.so.1.1.0
719588007000-719588008000 r--p 00002000 08:03 4602879                    /usr/lib/x86_64-linux-gnu/libXdamage.so.1.1.0
719588008000-719588009000 rw-p 00003000 08:03 4602879                    /usr/lib/x86_64-linux-gnu/libXdamage.so.1.1.0
719588009000-719588616000 rw-p 00000000 00:00 0 
719588616000-7195886f8000 ---p 00000000 00:00 0 
7195886f8000-71958870e000 rw-p 00000000 00:00 0 
71958870e000-7195887e1000 ---p 00000000 00:00 0 
7195887e1000-7195887ef000 r--p 00000000 07:0c 1837                       /snap/dbeaver-ce/549/usr/share/dbeaver-ce/jre/lib/libjava.so
7195887ef000-7195887fd000 r-xp 0000e000 07:0c 1837                       /snap/dbeaver-ce/549/usr/share/dbeaver-ce/jre/lib/libjava.so
7195887fd000-719588802000 r--p 0001c000 07:0c 1837                       /snap/dbeaver-ce/549/usr/share/dbeaver-ce/jre/lib/libjava.so
719588802000-719588803000 r--p 00021000 07:0c 1837                       /snap/dbeaver-ce/549/usr/share/dbeaver-ce/jre/lib/libjava.so
719588803000-719588804000 rw-p 00022000 07:0c 1837                       /snap/dbeaver-ce/549/usr/share/dbeaver-ce/jre/lib/libjava.so
719588804000-719588805000 rw-p 00000000 00:00 0 
719588805000-719588809000 ---p 00000000 00:00 0 
719588809000-719588905000 rw-p 00000000 00:00 0 
719588905000-719588915000 r--p 00000000 08:03 4625676                    /usr/lib/x86_64-linux-gnu/libm.so.6
719588915000-719588994000 r-xp 00010000 08:03 4625676                    /usr/lib/x86_64-linux-gnu/libm.so.6
719588994000-7195889ec000 r--p 0008f000 08:03 4625676                    /usr/lib/x86_64-linux-gnu/libm.so.6
7195889ec000-7195889ed000 r--p 000e7000 08:03 4625676                    /usr/lib/x86_64-linux-gnu/libm.so.6
7195889ed000-7195889ee000 rw-p 000e8000 08:03 4625676                    /usr/lib/x86_64-linux-gnu/libm.so.6
7195889ee000-719588cd1000 r--p 00000000 07:0c 1866                       /snap/dbeaver-ce/549/usr/share/dbeaver-ce/jre/lib/server/libjvm.so
719588cd1000-719589d5d000 r-xp 002e3000 07:0c 1866                       /snap/dbeaver-ce/549/usr/share/dbeaver-ce/jre/lib/server/libjvm.so
719589d5d000-71958a06e000 r--p 0136f000 07:0c 1866                       /snap/dbeaver-ce/549/usr/share/dbeaver-ce/jre/lib/server/libjvm.so
71958a06e000-71958a159000 r--p 01680000 07:0c 1866                       /snap/dbeaver-ce/549/usr/share/dbeaver-ce/jre/lib/server/libjvm.so
71958a159000-71958a184000 rw-p 0176b000 07:0c 1866                       /snap/dbeaver-ce/549/usr/share/dbeaver-ce/jre/lib/server/libjvm.so
71958a184000-71958a200000 rw-p 00000000 00:00 0 
71958a200000-71958a228000 r--p 00000000 08:03 4625673                    /usr/lib/x86_64-linux-gnu/libc.so.6
71958a228000-71958a3b1000 r-xp 00028000 08:03 4625673                    /usr/lib/x86_64-linux-gnu/libc.so.6
71958a3b1000-71958a400000 r--p 001b1000 08:03 4625673                    /usr/lib/x86_64-linux-gnu/libc.so.6
71958a400000-71958a404000 r--p 001ff000 08:03 4625673                    /usr/lib/x86_64-linux-gnu/libc.so.6
71958a404000-71958a406000 rw-p 00203000 08:03 4625673                    /usr/lib/x86_64-linux-gnu/libc.so.6
71958a406000-71958a413000 rw-p 00000000 00:00 0 
71958a413000-71958a414000 r--s 00000000 08:03 138112                     /var/cache/fontconfig/3f7329c5293ffd510edef78f73874cfd-le64.cache-9
71958a414000-71958a415000 r--s 00000000 08:03 140111                     /var/cache/fontconfig/e0aa53bcfa504e64f87823c16bc01eb6-le64.cache-9
71958a415000-71958a416000 r--s 00000000 00:3e 250                        /run/user/1000/dconf/user (deleted)
71958a416000-71958a41e000 rw-p 00000000 00:00 0 
71958a41e000-71958a425000 ---p 00000000 00:00 0 
71958a425000-71958a42d000 rw-s 00000000 08:03 3801323                    /tmp/hsperfdata_mcypher/17252
71958a42d000-71958a42e000 r--p 00000000 08:03 4625687                    /usr/lib/x86_64-linux-gnu/librt.so.1
71958a42e000-71958a42f000 r-xp 00001000 08:03 4625687                    /usr/lib/x86_64-linux-gnu/librt.so.1
71958a42f000-71958a430000 r--p 00002000 08:03 4625687                    /usr/lib/x86_64-linux-gnu/librt.so.1
71958a430000-71958a431000 r--p 00002000 08:03 4625687                    /usr/lib/x86_64-linux-gnu/librt.so.1
71958a431000-71958a432000 rw-p 00003000 08:03 4625687                    /usr/lib/x86_64-linux-gnu/librt.so.1
71958a432000-71958a435000 rw-p 00000000 00:00 0 
71958a435000-71958a436000 r--p 00000000 08:03 4625685                    /usr/lib/x86_64-linux-gnu/libpthread.so.0
71958a436000-71958a437000 r-xp 00001000 08:03 4625685                    /usr/lib/x86_64-linux-gnu/libpthread.so.0
71958a437000-71958a438000 r--p 00002000 08:03 4625685                    /usr/lib/x86_64-linux-gnu/libpthread.so.0
71958a438000-71958a439000 r--p 00002000 08:03 4625685                    /usr/lib/x86_64-linux-gnu/libpthread.so.0
71958a439000-71958a43a000 rw-p 00003000 08:03 4625685                    /usr/lib/x86_64-linux-gnu/libpthread.so.0
71958a43a000-71958a43c000 rw-p 00000000 00:00 0 
71958a43c000-71958a43d000 r--p 00000000 08:03 4625675                    /usr/lib/x86_64-linux-gnu/libdl.so.2
71958a43d000-71958a43e000 r-xp 00001000 08:03 4625675                    /usr/lib/x86_64-linux-gnu/libdl.so.2
71958a43e000-71958a43f000 r--p 00002000 08:03 4625675                    /usr/lib/x86_64-linux-gnu/libdl.so.2
71958a43f000-71958a440000 r--p 00002000 08:03 4625675                    /usr/lib/x86_64-linux-gnu/libdl.so.2
71958a440000-71958a441000 rw-p 00003000 08:03 4625675                    /usr/lib/x86_64-linux-gnu/libdl.so.2
71958a441000-71958a442000 r--p 00000000 08:03 4603705                    /usr/lib/x86_64-linux-gnu/libwayland-egl.so.1.22.0
71958a442000-71958a443000 r-xp 00001000 08:03 4603705                    /usr/lib/x86_64-linux-gnu/libwayland-egl.so.1.22.0
71958a443000-71958a444000 r--p 00002000 08:03 4603705                    /usr/lib/x86_64-linux-gnu/libwayland-egl.so.1.22.0
71958a444000-71958a445000 r--p 00002000 08:03 4603705                    /usr/lib/x86_64-linux-gnu/libwayland-egl.so.1.22.0
71958a445000-71958a446000 rw-p 00003000 08:03 4603705                    /usr/lib/x86_64-linux-gnu/libwayland-egl.so.1.22.0
71958a446000-71958a447000 ---p 00000000 00:00 0 
71958a447000-71958a448000 r--p 00000000 00:00 0 
71958a448000-71958a449000 ---p 00000000 00:00 0 
71958a449000-71958a44d000 r--p 00000000 07:0c 1840                       /snap/dbeaver-ce/549/usr/share/dbeaver-ce/jre/lib/libjimage.so
71958a44d000-71958a465000 r-xp 00004000 07:0c 1840                       /snap/dbeaver-ce/549/usr/share/dbeaver-ce/jre/lib/libjimage.so
71958a465000-71958a46b000 r--p 0001c000 07:0c 1840                       /snap/dbeaver-ce/549/usr/share/dbeaver-ce/jre/lib/libjimage.so
71958a46b000-71958a46d000 r--p 00021000 07:0c 1840                       /snap/dbeaver-ce/549/usr/share/dbeaver-ce/jre/lib/libjimage.so
71958a46d000-71958a46e000 rw-p 00023000 07:0c 1840                       /snap/dbeaver-ce/549/usr/share/dbeaver-ce/jre/lib/libjimage.so
71958a46e000-71958a471000 r--p 00000000 07:0c 1841                       /snap/dbeaver-ce/549/usr/share/dbeaver-ce/jre/lib/libjli.so
71958a471000-71958a482000 r-xp 00003000 07:0c 1841                       /snap/dbeaver-ce/549/usr/share/dbeaver-ce/jre/lib/libjli.so
71958a482000-71958a489000 r--p 00014000 07:0c 1841                       /snap/dbeaver-ce/549/usr/share/dbeaver-ce/jre/lib/libjli.so
71958a489000-71958a48a000 r--p 0001a000 07:0c 1841                       /snap/dbeaver-ce/549/usr/share/dbeaver-ce/jre/lib/libjli.so
71958a48a000-71958a48b000 rw-p 0001b000 07:0c 1841                       /snap/dbeaver-ce/549/usr/share/dbeaver-ce/jre/lib/libjli.so
71958a48b000-71958a48d000 rw-p 00000000 00:00 0 
71958a48d000-71958a491000 r--p 00000000 00:00 0                          [vvar]
71958a491000-71958a493000 r--p 00000000 00:00 0                          [vvar_vclock]
71958a493000-71958a495000 r-xp 00000000 00:00 0                          [vdso]
71958a495000-71958a496000 r--p 00000000 08:03 4625670                    /usr/lib/x86_64-linux-gnu/ld-linux-x86-64.so.2
71958a496000-71958a4c1000 r-xp 00001000 08:03 4625670                    /usr/lib/x86_64-linux-gnu/ld-linux-x86-64.so.2
71958a4c1000-71958a4cb000 r--p 0002c000 08:03 4625670                    /usr/lib/x86_64-linux-gnu/ld-linux-x86-64.so.2
71958a4cb000-71958a4cd000 r--p 00036000 08:03 4625670                    /usr/lib/x86_64-linux-gnu/ld-linux-x86-64.so.2
71958a4cd000-71958a4cf000 rw-p 00038000 08:03 4625670                    /usr/lib/x86_64-linux-gnu/ld-linux-x86-64.so.2
7ffe97973000-7ffe97996000 rw-p 00000000 00:00 0                          [stack]
ffffffffff600000-ffffffffff601000 --xp 00000000 00:00 0                  [vsyscall]
Total number of mappings: 1121

JVMTI agents: none


VM Arguments:
jvm_args: -XX:+IgnoreUnrecognizedVMOptions -Dosgi.requiredJavaVersion=21 -Dfile.encoding=UTF-8 --sun-misc-unsafe-memory-access=allow --enable-native-access=ALL-UNNAMED --add-modules=ALL-DEFAULT --add-opens=java.base/java.io=ALL-UNNAMED --add-opens=java.base/java.lang=ALL-UNNAMED --add-opens=java.base/java.lang.reflect=ALL-UNNAMED --add-opens=java.base/java.net=ALL-UNNAMED --add-opens=java.base/java.nio=ALL-UNNAMED --add-opens=java.base/java.nio.charset=ALL-UNNAMED --add-opens=java.base/java.text=ALL-UNNAMED --add-opens=java.base/java.time=ALL-UNNAMED --add-opens=java.base/java.util=ALL-UNNAMED --add-opens=java.base/java.util.concurrent=ALL-UNNAMED --add-opens=java.base/java.util.concurrent.atomic=ALL-UNNAMED --add-opens=java.base/jdk.internal.vm=ALL-UNNAMED --add-opens=java.base/jdk.internal.misc=ALL-UNNAMED --add-opens=java.base/sun.nio.ch=ALL-UNNAMED --add-opens=java.base/sun.nio.fs=ALL-UNNAMED --add-opens=java.base/sun.security.ssl=ALL-UNNAMED --add-opens=java.base/sun.security.util=ALL-UNNAMED --add-opens=java.security.jgss/sun.security.jgss=ALL-UNNAMED --add-opens=java.security.jgss/sun.security.krb5=ALL-UNNAMED --add-opens=java.desktop/java.awt=ALL-UNNAMED --add-opens=java.desktop/java.awt.peer=ALL-UNNAMED --add-opens=java.sql/java.sql=ALL-UNNAMED -Xms64m -Xmx1024m -Ddbeaver.distribution.type=deb -Duser.home=/home/mcypher/snap/dbeaver-ce/549 
java_command: /snap/dbeaver-ce/549/usr/share/dbeaver-ce//plugins/org.jkiss.dbeaver.launcher_1.0.60.202608301738.jar -os linux -ws gtk -arch x86_64 -showsplash -launcher /snap/dbeaver-ce/549/usr/share/dbeaver-ce/dbeaver -name Dbeaver --launcher.library /snap/dbeaver-ce/549/usr/share/dbeaver-ce//plugins/org.eclipse.equinox.launcher.gtk.linux.x86_64_1.2.1500.v20250801-0854/eclipse_11916.so -startup /snap/dbeaver-ce/549/usr/share/dbeaver-ce//plugins/org.jkiss.dbeaver.launcher_1.0.60.202608301738.jar --launcher.overrideVmargs -exitdata 23 -vm /snap/dbeaver-ce/549/usr/share/dbeaver-ce/jre/bin/java -vmargs -XX:+IgnoreUnrecognizedVMOptions -Dosgi.requiredJavaVersion=21 -Dfile.encoding=UTF-8 --sun-misc-unsafe-memory-access=allow --enable-native-access=ALL-UNNAMED --add-modules=ALL-DEFAULT --add-opens=java.base/java.io=ALL-UNNAMED --add-opens=java.base/java.lang=ALL-UNNAMED --add-opens=java.base/java.lang.reflect=ALL-UNNAMED --add-opens=java.base/java.net=ALL-UNNAMED --add-opens=java.base/java.nio=ALL-UNNAMED --add-opens=java.base/java.nio.charset=ALL-UNNAMED --add-opens=java.base/java.text=ALL-UNNAMED --add-opens=java.base/java.time=ALL-UNNAMED --add-opens=java.base/java.util=ALL-UNNAMED --add-opens=java.base/java.util.concurrent=ALL-UNNAMED --add-opens=java.base/java.util.concurrent.atomic=ALL-UNNAMED --add-opens=java.base/jdk.internal.vm=ALL-UNNAMED --add-opens=java.base/jdk.internal.misc=ALL-UNNAMED --add-opens=java.base/sun.nio.ch=ALL-UNNAMED --add-opens=java.base/sun.nio.fs=ALL-UNNAMED --add-opens=java.base/sun.security.ssl=ALL-UNNAMED --add-opens=java.base/sun.security.util=ALL-UNNAMED --add-opens=java.security.jgss/sun.security.jgss=ALL-UNNAMED --add-opens=java.security.jgss/sun.security.krb5=ALL-UNNAMED --add-opens=java.desktop/java.awt=ALL-UNNAMED --add-opens=java.desktop/java.awt.peer=ALL-UNNAMED --add-opens=java.sql/java.sql=ALL-UNNAMED -Xms64m -Xmx1024m -Ddbeaver.distribution.type=deb -jar /snap/dbeaver-ce/549/usr/share/dbeaver-ce//plugins/org.jkiss.dbeaver.lau
java_class_path (initial): /snap/dbeaver-ce/549/usr/share/dbeaver-ce//plugins/org.jkiss.dbeaver.launcher_1.0.60.202608301738.jar
Launcher Type: SUN_STANDARD

[Global flags]
     intx CICompilerCount                          = 12                                        {product} {ergonomic}
     uint ConcGCThreads                            = 5                                         {product} {ergonomic}
     uint G1ConcRefinementThreads                  = 18                                        {product} {ergonomic}
   size_t G1HeapRegionSize                         = 1048576                                   {product} {ergonomic}
     bool IgnoreUnrecognizedVMOptions              = true                                      {product} {command line}
   size_t InitialHeapSize                          = 67108864                                  {product} {command line}
   size_t MarkStackSize                            = 4194304                                   {product} {ergonomic}
   size_t MarkStackSizeMax                         = 536870912                                 {product} {ergonomic}
   size_t MaxHeapSize                              = 1073741824                                {product} {command line}
   size_t MaxNewSize                               = 643825664                                 {product} {ergonomic}
   size_t MinHeapDeltaBytes                        = 1048576                                   {product} {ergonomic}
   size_t MinHeapSize                              = 67108864                                  {product} {command line}
    uintx NonNMethodCodeHeapSize                   = 7606272                                {pd product} {ergonomic}
    uintx NonProfiledCodeHeapSize                  = 122028032                              {pd product} {ergonomic}
    uintx ProfiledCodeHeapSize                     = 122028032                              {pd product} {ergonomic}
    uintx ReservedCodeCacheSize                    = 251662336                              {pd product} {ergonomic}
     bool SegmentedCodeCache                       = true                                      {product} {ergonomic}
   size_t SoftMaxHeapSize                          = 1073741824                             {manageable} {ergonomic}
     bool UseCompressedOops                        = true                           {product lp64_product} {ergonomic}
     bool UseG1GC                                  = true                                      {product} {ergonomic}

Logging:
Log output configuration:
 #0: stdout all=warning uptime,level,tags foldmultilines=false
 #1: stderr all=off uptime,level,tags foldmultilines=false

Release file:
JAVA_VERSION="25.0.3"
MODULES="java.base java.compiler java.datatransfer java.xml java.prefs java.desktop java.logging java.management java.security.sasl java.naming java.rmi java.management.rmi java.net.http java.scripting java.security.jgss java.transaction.xa java.sql java.sql.rowset jdk.accessibility jdk.internal.jvmstat jdk.attach jdk.charsets jdk.crypto.cryptoki jdk.crypto.ec jdk.dynalink jdk.httpserver jdk.jcmd jdk.localedata jdk.management jdk.naming.dns jdk.naming.rmi jdk.net jdk.security.auth jdk.security.jgss jdk.unsupported jdk.xml.dom"

Environment Variables:
_JAVA_OPTIONS=-Duser.home=/home/mcypher/snap/dbeaver-ce/549
PATH=/opt/ros/jazzy/opt/gz_msgs_vendor/bin:/opt/ros/jazzy/opt/gz_tools_vendor/bin:/opt/ros/jazzy/opt/gz_ogre_next_vendor/bin:/opt/ros/jazzy/bin:/home/mcypher/.nvm/versions/node/v24.14.0/bin:/usr/local/sbin:/usr/local/bin:/usr/sbin:/usr/bin:/sbin:/bin:/usr/games:/usr/local/games:/snap/bin:/snap/bin:/home/mcypher/.dotnet/tools
USERNAME=mcypher
LD_LIBRARY_PATH=/opt/ros/jazzy/opt/gz_sim_vendor/lib:/opt/ros/jazzy/opt/gz_sensors_vendor/lib:/opt/ros/jazzy/opt/gz_physics_vendor/lib:/opt/ros/jazzy/opt/sdformat_vendor/lib:/opt/ros/jazzy/opt/rviz_ogre_vendor/lib:/opt/ros/jazzy/lib/x86_64-linux-gnu:/opt/ros/jazzy/opt/gz_gui_vendor/lib:/opt/ros/jazzy/opt/gz_transport_vendor/lib:/opt/ros/jazzy/opt/gz_rendering_vendor/lib:/opt/ros/jazzy/opt/gz_plugin_vendor/lib:/opt/ros/jazzy/opt/gz_fuel_tools_vendor/lib:/opt/ros/jazzy/opt/gz_msgs_vendor/lib:/opt/ros/jazzy/opt/gz_common_vendor/lib:/opt/ros/jazzy/opt/gz_math_vendor/lib:/opt/ros/jazzy/opt/gz_utils_vendor/lib:/opt/ros/jazzy/opt/gz_tools_vendor/lib:/opt/ros/jazzy/opt/gz_ogre_next_vendor/lib:/opt/ros/jazzy/opt/gz_dartsim_vendor/lib:/opt/ros/jazzy/opt/gz_cmake_vendor/lib:/opt/ros/jazzy/lib
SHELL=/bin/bash
DISPLAY=:0
WAYLAND_DISPLAY=wayland-0
LANG=en_US.UTF-8
LC_ALL=en_US.UTF-8
TERM=xterm-256color

Active Locale:
LC_ALL=en_US.UTF-8
LC_COLLATE=en_US.UTF-8
LC_CTYPE=en_US.UTF-8
LC_MESSAGES=en_US.UTF-8
LC_MONETARY=en_US.UTF-8
LC_NUMERIC=en_US.UTF-8
LC_TIME=en_US.UTF-8

Signal Handlers:
   SIGSEGV: crash_handler in libjvm.so, mask=11100100010111111101111111111110, flags=SA_RESTART|SA_SIGINFO, unblocked
    SIGBUS: crash_handler in libjvm.so, mask=11100100010111111101111111111110, flags=SA_RESTART|SA_SIGINFO, unblocked
    SIGFPE: crash_handler in libjvm.so, mask=11100100010111111101111111111110, flags=SA_RESTART|SA_SIGINFO, unblocked
   SIGPIPE: SIG_IGN, mask=00000000000010000000000000000000, flags=SA_RESTART, blocked
  *** Handler was modified!
  *** Expected: javaSignalHandler in libjvm.so, mask=11100100110111111111111111111110, flags=SA_RESTART|SA_SIGINFO
   SIGXFSZ: javaSignalHandler in libjvm.so, mask=11100100010111111101111111111110, flags=SA_RESTART|SA_SIGINFO, blocked
    SIGILL: crash_handler in libjvm.so, mask=11100100010111111101111111111110, flags=SA_RESTART|SA_SIGINFO, unblocked
   SIGUSR2: SR_handler in libjvm.so, mask=00000000000000000000000000000000, flags=SA_RESTART|SA_SIGINFO, blocked
    SIGHUP: UserHandler in libjvm.so, mask=11100100010111111101111111111110, flags=SA_RESTART|SA_SIGINFO, blocked
    SIGINT: UserHandler in libjvm.so, mask=11100100010111111101111111111110, flags=SA_RESTART|SA_SIGINFO, blocked
   SIGTERM: UserHandler in libjvm.so, mask=11100100010111111101111111111110, flags=SA_RESTART|SA_SIGINFO, blocked
   SIGQUIT: UserHandler in libjvm.so, mask=11100100010111111101111111111110, flags=SA_RESTART|SA_SIGINFO, blocked
   SIGTRAP: crash_handler in libjvm.so, mask=11100100010111111101111111111110, flags=SA_RESTART|SA_SIGINFO, unblocked


Compilation memory statistics disabled.

Periodic native trim disabled

---------------  S Y S T E M  ---------------

OS:
DISTRIB_ID=Ubuntu
DISTRIB_RELEASE=24.04
DISTRIB_CODENAME=noble
DISTRIB_DESCRIPTION="Ubuntu 24.04.4 LTS"
uname: Linux 7.0.0-31-generic #31~24.04.1-Ubuntu SMP PREEMPT_DYNAMIC Mon Aug 10 09:38:02 UTC 2 x86_64
OS uptime: 0 days 0:56 hours
libc: glibc 2.39 NPTL 2.39 
rlimit (soft/hard): STACK 8192k/infinity , CORE 0k/infinity , NPROC 116005/116005 , NOFILE 1048576/1048576 , AS infinity/infinity , CPU infinity/infinity , DATA infinity/infinity , FSIZE infinity/infinity , MEMLOCK 4086424k/4086424k
load average: 2.68 1.56 1.26

/proc/meminfo:
MemTotal:       32691420 kB
MemFree:        15928472 kB
MemAvailable:   25537772 kB
Buffers:          252088 kB
Cached:          9143816 kB
SwapCached:            0 kB
Active:         10427868 kB
Inactive:        5253728 kB
Active(anon):    5855280 kB
Inactive(anon):        0 kB
Active(file):    4572588 kB
Inactive(file):  5253728 kB
Unevictable:          48 kB
Mlocked:              48 kB
SwapTotal:       8388604 kB
SwapFree:        8388604 kB
Zswap:                 0 kB
Zswapped:              0 kB
Dirty:              4404 kB
Writeback:             0 kB
AnonPages:       6286844 kB
Mapped:          1721416 kB
Shmem:            227476 kB
KReclaimable:     240456 kB
Slab:             580016 kB
SReclaimable:     240456 kB
SUnreclaim:       339560 kB
KernelStack:       37408 kB
PageTables:        86300 kB
SecPageTables:      5224 kB
NFS_Unstable:          0 kB
Bounce:                0 kB
WritebackTmp:          0 kB
CommitLimit:    24734312 kB
Committed_AS:   28453612 kB
VmallocTotal:   34359738367 kB
VmallocUsed:      113700 kB
VmallocChunk:          0 kB
Percpu:            36768 kB
HardwareCorrupted:     0 kB
AnonHugePages:         0 kB
ShmemHugePages:        0 kB
ShmemPmdMapped:        0 kB
FileHugePages:    905216 kB
FilePmdMapped:         0 kB
CmaTotal:              0 kB
CmaFree:         2906112 kB
Unaccepted:            0 kB
Balloon:               0 kB
HugePages_Total:       0
HugePages_Free:        0
HugePages_Rsvd:        0
HugePages_Surp:        0
Hugepagesize:       2048 kB
Hugetlb:               0 kB
DirectMap4k:      287916 kB
DirectMap2M:    11079680 kB
DirectMap1G:    24117248 kB

/sys/kernel/mm/transparent_hugepage/enabled: always [madvise] never
/sys/kernel/mm/transparent_hugepage/hpage_pmd_size: 2097152
/sys/kernel/mm/transparent_hugepage/shmem_enabled: always within_size advise [never] deny force
/sys/kernel/mm/transparent_hugepage/defrag (defrag/compaction efforts parameter): always defer defer+madvise [madvise] never

Process Memory:
Virtual Size: 9192684K (peak: 9258192K)
Resident Set Size: 464716K (peak: 464716K) (anon: 404112K, file: 59648K, shmem: 956K)
Swapped out: 0K
C-Heap outstanding allocations: 131311K, retained: 207084K
glibc malloc tunables: (default)

/proc/sys/kernel/threads-max (system-wide limit on the number of threads): 232011
/proc/sys/vm/max_map_count (maximum number of memory map areas a process may have): 1048576
/proc/sys/vm/swappiness (control to define how aggressively the kernel swaps out anonymous memory): 60
/proc/sys/kernel/pid_max (system-wide limit on number of process identifiers): 4194304

container information not found.
Steal ticks since vm start: 0
Steal ticks percentage since vm start:  0.000

CPU: total 24 (initial active 24) (12 cores per cpu, 2 threads per core) family 6 model 63 stepping 2 microcode 0x49, cx8, cmov, fxsr, ht, mmx, sse, sse2, sse3, ssse3, sse4.1, sse4.2, popcnt, lzcnt, tsc, tscinvbit, avx, avx2, aes, erms, clmul, bmi1, bmi2, fma, vzeroupper, clflush, rdtscp, f16c
CPU Model and flags from /proc/cpuinfo:
model name	: Intel(R) Xeon(R) CPU E5-2680 v3 @ 2.50GHz
flags		: fpu vme de pse tsc msr pae mce cx8 apic sep mtrr pge mca cmov pat pse36 clflush dts acpi mmx fxsr sse sse2 ss ht tm pbe syscall nx pdpe1gb rdtscp lm constant_tsc arch_perfmon pebs bts rep_good nopl xtopology nonstop_tsc cpuid aperfmperf pni pclmulqdq dtes64 monitor ds_cpl vmx smx est tm2 ssse3 sdbg fma cx16 xtpr pdcm pcid dca sse4_1 sse4_2 x2apic movbe popcnt tsc_deadline_timer aes xsave avx f16c rdrand lahf_lm abm cpuid_fault epb pti intel_ppin ssbd ibrs ibpb stibp tpr_shadow flexpriority ept vpid ept_ad fsgsbase tsc_adjust bmi1 avx2 smep bmi2 erms invpcid cqm xsaveopt cqm_llc cqm_occup_llc dtherm ida arat pln pts vnmi md_clear flush_l1d

Online cpus: 0-23
Offline cpus: 
BIOS frequency limitation: <Not Available>
Frequency switch latency (ns): 20000
Available cpu frequencies: <Not Available>
Current governor: schedutil
Core performance/turbo boost: <Not Available>

Memory: 4k page, physical 32691420k(25537772k free), swap 8388604k(8388604k free)
Page Sizes: 4k

vm_info: OpenJDK 64-Bit Server VM (25.0.3+9-LTS) for linux-amd64 JRE (25.0.3+9-LTS), built on 2026-04-21T00:00:00Z with gcc 14.2.0

END.
